ds,nama_clean,y
2025-01-01,akikering5ah,0.0
2025-01-02,akikering5ah,1.0
2025-01-03,akikering5ah,1.0
2025-01-04,akikering5ah,1.0
2025-01-05,akikering5ah,0.0
2025-01-06,akikering5ah,1.0
2025-01-07,akikering5ah,0.0
2025-01-08,akikering5ah,0.0
2025-01-09,akikering5ah,1.0
2025-01-10,akikering5ah,1.0
2025-01-11,akikering5ah,1.0
2025-01-12,akikering5ah,0.0
2025-01-13,akikering5ah,1.0
2025-01-14,akikering5ah,1.0
2025-01-15,akikering5ah,0.0
2025-01-16,akikering5ah,1.0
2025-01-17,akikering5ah,1.0
2025-01-18,akikering5ah,1.0
2025-01-19,akikering5ah,0.0
2025-01-20,akikering5ah,1.0
2025-01-21,akikering5ah,1.0
2025-01-22,akikering5ah,0.0
2025-01-23,akikering5ah,0.0
2025-01-24,akikering5ah,1.0
2025-01-25,akikering5ah,1.0
2025-01-26,akikering5ah,0.0
2025-01-27,akikering5ah,0.0
2025-01-28,akikering5ah,0.0
2025-01-29,akikering5ah,0.0
2025-01-30,akikering5ah,1.0
2025-01-31,akikering5ah,1.0
2025-02-01,akikering5ah,1.0
2025-02-02,akikering5ah,0.0
2025-02-03,akikering5ah,0.0
2025-02-04,akikering5ah,1.0
2025-02-05,akikering5ah,1.0
2025-02-06,akikering5ah,1.0
2025-02-07,akikering5ah,1.0
2025-02-08,akikering5ah,1.0
2025-02-09,akikering5ah,0.0
2025-02-10,akikering5ah,0.0
2025-02-11,akikering5ah,1.0
2025-02-12,akikering5ah,0.0
2025-02-13,akikering5ah,1.0
2025-02-14,akikering5ah,1.0
2025-02-15,akikering5ah,1.0
2025-02-16,akikering5ah,0.0
2025-02-17,akikering5ah,0.0
2025-02-18,akikering5ah,0.0
2025-02-19,akikering5ah,1.0
2025-02-20,akikering5ah,1.0
2025-02-21,akikering5ah,1.0
2025-02-22,akikering5ah,1.0
2025-02-23,akikering5ah,0.0
2025-02-24,akikering5ah,1.0
2025-02-25,akikering5ah,0.0
2025-02-26,akikering5ah,1.0
2025-02-27,akikering5ah,0.0
2025-02-28,akikering5ah,1.0
2025-03-01,akikering5ah,1.0
2025-03-02,akikering5ah,0.0
2025-03-03,akikering5ah,0.0
2025-03-04,akikering5ah,0.0
2025-03-05,akikering5ah,1.0
2025-03-06,akikering5ah,0.0
2025-03-07,akikering5ah,1.0
2025-03-08,akikering5ah,1.0
2025-03-09,akikering5ah,0.0
2025-03-10,akikering5ah,1.0
2025-03-11,akikering5ah,1.0
2025-03-12,akikering5ah,1.0
2025-03-13,akikering5ah,1.0
2025-03-14,akikering5ah,1.0
2025-03-15,akikering5ah,1.0
2025-03-16,akikering5ah,0.0
2025-03-17,akikering5ah,1.0
2025-03-18,akikering5ah,1.0
2025-03-19,akikering5ah,1.0
2025-03-20,akikering5ah,1.0
2025-03-21,akikering5ah,1.0
2025-03-22,akikering5ah,1.0
2025-03-23,akikering5ah,0.0
2025-03-24,akikering5ah,0.0
2025-03-25,akikering5ah,1.0
2025-03-26,akikering5ah,1.0
2025-03-27,akikering5ah,0.0
2025-03-28,akikering5ah,1.0
2025-03-29,akikering5ah,0.0
2025-03-30,akikering5ah,0.0
2025-03-31,akikering5ah,0.0
2025-04-01,akikering5ah,0.0
2025-04-02,akikering5ah,1.0
2025-04-03,akikering5ah,1.0
2025-04-04,akikering5ah,1.0
2025-04-05,akikering5ah,1.0
2025-04-06,akikering5ah,0.0
2025-04-07,akikering5ah,0.0
2025-04-08,akikering5ah,0.0
2025-04-09,akikering5ah,1.0
2025-04-10,akikering5ah,1.0
2025-04-11,akikering5ah,1.0
2025-04-12,akikering5ah,1.0
2025-04-13,akikering5ah,0.0
2025-04-14,akikering5ah,0.0
2025-04-15,akikering5ah,1.0
2025-04-16,akikering5ah,1.0
2025-04-17,akikering5ah,0.0
2025-04-18,akikering5ah,0.0
2025-04-19,akikering5ah,1.0
2025-04-20,akikering5ah,0.0
2025-04-21,akikering5ah,0.0
2025-04-22,akikering5ah,0.0
2025-04-23,akikering5ah,1.0
2025-04-24,akikering5ah,1.0
2025-04-25,akikering5ah,1.0
2025-04-26,akikering5ah,1.0
2025-04-27,akikering5ah,0.0
2025-04-28,akikering5ah,1.0
2025-04-29,akikering5ah,0.0
2025-04-30,akikering5ah,0.0
2025-05-01,akikering5ah,0.0
2025-05-02,akikering5ah,0.0
2025-05-03,akikering5ah,0.0
2025-05-04,akikering5ah,0.0
2025-05-05,akikering5ah,1.0
2025-05-06,akikering5ah,0.0
2025-05-07,akikering5ah,1.0
2025-05-08,akikering5ah,1.0
2025-05-09,akikering5ah,1.0
2025-05-10,akikering5ah,1.0
2025-05-11,akikering5ah,0.0
2025-05-12,akikering5ah,0.0
2025-05-13,akikering5ah,0.0
2025-05-14,akikering5ah,1.0
2025-05-15,akikering5ah,1.0
2025-05-16,akikering5ah,1.0
2025-05-17,akikering5ah,1.0
2025-05-18,akikering5ah,0.0
2025-05-19,akikering5ah,0.0
2025-05-20,akikering5ah,1.0
2025-05-21,akikering5ah,1.0
2025-05-22,akikering5ah,1.0
2025-05-23,akikering5ah,0.0
2025-05-24,akikering5ah,1.0
2025-05-25,akikering5ah,0.0
2025-05-26,akikering5ah,1.0
2025-05-27,akikering5ah,0.0
2025-05-28,akikering5ah,1.0
2025-05-29,akikering5ah,0.0
2025-05-30,akikering5ah,0.0
2025-05-31,akikering5ah,1.0
2025-06-01,akikering5ah,0.0
2025-06-02,akikering5ah,0.0
2025-06-03,akikering5ah,0.0
2025-06-04,akikering5ah,1.0
2025-06-05,akikering5ah,1.0
2025-06-06,akikering5ah,0.0
2025-06-07,akikering5ah,1.0
2025-06-08,akikering5ah,0.0
2025-06-09,akikering5ah,0.0
2025-06-10,akikering5ah,0.0
2025-06-11,akikering5ah,1.0
2025-06-12,akikering5ah,1.0
2025-06-13,akikering5ah,1.0
2025-06-14,akikering5ah,1.0
2025-06-15,akikering5ah,0.0
2025-06-16,akikering5ah,1.0
2025-06-17,akikering5ah,1.0
2025-06-18,akikering5ah,1.0
2025-06-19,akikering5ah,1.0
2025-06-20,akikering5ah,1.0
2025-06-21,akikering5ah,0.0
2025-06-22,akikering5ah,0.0
2025-06-23,akikering5ah,1.0
2025-06-24,akikering5ah,1.0
2025-06-25,akikering5ah,1.0
2025-06-26,akikering5ah,1.0
2025-06-27,akikering5ah,0.0
2025-06-28,akikering5ah,1.0
2025-06-29,akikering5ah,0.0
2025-06-30,akikering5ah,0.0
2025-07-01,akikering5ah,1.0
2025-07-02,akikering5ah,0.0
2025-07-03,akikering5ah,1.0
2025-07-04,akikering5ah,1.0
2025-07-05,akikering5ah,1.0
2025-07-06,akikering5ah,0.0
2025-07-07,akikering5ah,0.0
2025-07-08,akikering5ah,1.0
2025-07-09,akikering5ah,1.0
2025-07-10,akikering5ah,0.0
2025-07-11,akikering5ah,1.0
2025-07-12,akikering5ah,1.0
2025-07-13,akikering5ah,0.0
2025-07-14,akikering5ah,1.0
2025-07-15,akikering5ah,1.0
2025-07-16,akikering5ah,1.0
2025-07-17,akikering5ah,1.0
2025-07-18,akikering5ah,0.0
2025-07-19,akikering5ah,1.0
2025-07-20,akikering5ah,0.0
2025-07-21,akikering5ah,1.0
2025-07-22,akikering5ah,0.0
2025-07-23,akikering5ah,1.0
2025-07-24,akikering5ah,0.0
2025-07-25,akikering5ah,1.0
2025-07-26,akikering5ah,1.0
2025-07-27,akikering5ah,0.0
2025-07-28,akikering5ah,1.0
2025-07-29,akikering5ah,1.0
2025-07-30,akikering5ah,0.0
2025-07-31,akikering5ah,1.0
2025-08-01,akikering5ah,1.0
2025-08-02,akikering5ah,1.0
2025-08-03,akikering5ah,0.0
2025-08-04,akikering5ah,0.0
2025-08-05,akikering5ah,1.0
2025-08-06,akikering5ah,0.0
2025-08-07,akikering5ah,1.0
2025-08-08,akikering5ah,1.0
2025-08-09,akikering5ah,1.0
2025-08-10,akikering5ah,0.0
2025-08-11,akikering5ah,0.0
2025-08-12,akikering5ah,0.0
2025-08-13,akikering5ah,1.0
2025-08-14,akikering5ah,1.0
2025-08-15,akikering5ah,1.0
2025-08-16,akikering5ah,1.0
2025-08-17,akikering5ah,0.0
2025-08-18,akikering5ah,0.0
2025-08-19,akikering5ah,1.0
2025-08-20,akikering5ah,0.0
2025-08-21,akikering5ah,1.0
2025-08-22,akikering5ah,0.0
2025-08-23,akikering5ah,1.0
2025-08-24,akikering5ah,0.0
2025-08-25,akikering5ah,1.0
2025-08-26,akikering5ah,1.0
2025-08-27,akikering5ah,0.0
2025-08-28,akikering5ah,1.0
2025-08-29,akikering5ah,1.0
2025-08-30,akikering5ah,1.0
2025-08-31,akikering5ah,0.0
2025-09-01,akikering5ah,1.0
2025-09-02,akikering5ah,1.0
2025-09-03,akikering5ah,0.0
2025-09-04,akikering5ah,1.0
2025-09-05,akikering5ah,0.0
2025-09-06,akikering5ah,1.0
2025-09-07,akikering5ah,0.0
2025-09-08,akikering5ah,0.0
2025-09-09,akikering5ah,0.0
2025-09-10,akikering5ah,1.0
2025-09-11,akikering5ah,1.0
2025-09-12,akikering5ah,1.0
2025-09-13,akikering5ah,1.0
2025-09-14,akikering5ah,0.0
2025-09-15,akikering5ah,1.0
2025-09-16,akikering5ah,1.0
2025-09-17,akikering5ah,0.0
2025-09-18,akikering5ah,0.0
2025-09-19,akikering5ah,1.0
2025-09-20,akikering5ah,1.0
2025-09-21,akikering5ah,0.0
2025-09-22,akikering5ah,0.0
2025-09-23,akikering5ah,0.0
2025-09-24,akikering5ah,1.0
2025-09-25,akikering5ah,1.0
2025-09-26,akikering5ah,1.0
2025-09-27,akikering5ah,1.0
2025-09-28,akikering5ah,0.0
2025-09-29,akikering5ah,1.0
2025-09-30,akikering5ah,0.0
2025-10-01,akikering5ah,0.0
2025-10-02,akikering5ah,1.0
2025-10-03,akikering5ah,1.0
2025-10-04,akikering5ah,1.0
2025-10-05,akikering5ah,0.0
2025-10-06,akikering5ah,1.0
2025-10-07,akikering5ah,1.0
2025-10-08,akikering5ah,1.0
2025-10-09,akikering5ah,1.0
2025-10-10,akikering5ah,1.0
2025-10-11,akikering5ah,1.0
2025-10-12,akikering5ah,0.0
2025-10-13,akikering5ah,0.0
2025-10-14,akikering5ah,0.0
2025-10-15,akikering5ah,1.0
2025-10-16,akikering5ah,1.0
2025-10-17,akikering5ah,1.0
2025-10-18,akikering5ah,1.0
2025-10-19,akikering5ah,0.0
2025-10-20,akikering5ah,0.0
2025-10-21,akikering5ah,1.0
2025-10-22,akikering5ah,0.0
2025-10-23,akikering5ah,0.0
2025-10-24,akikering5ah,1.0
2025-10-25,akikering5ah,1.0
2025-10-26,akikering5ah,0.0
2025-10-27,akikering5ah,0.0
2025-10-28,akikering5ah,1.0
2025-10-29,akikering5ah,1.0
2025-10-30,akikering5ah,1.0
2025-01-01,busicpr9,0.0
2025-01-02,busicpr9,1.0
2025-01-03,busicpr9,1.0
2025-01-04,busicpr9,1.0
2025-01-05,busicpr9,0.0
2025-01-06,busicpr9,1.0
2025-01-07,busicpr9,1.0
2025-01-08,busicpr9,1.0
2025-01-09,busicpr9,1.0
2025-01-10,busicpr9,1.0
2025-01-11,busicpr9,1.0
2025-01-12,busicpr9,0.0
2025-01-13,busicpr9,1.0
2025-01-14,busicpr9,0.0
2025-01-15,busicpr9,1.0
2025-01-16,busicpr9,1.0
2025-01-17,busicpr9,1.0
2025-01-18,busicpr9,1.0
2025-01-19,busicpr9,0.0
2025-01-20,busicpr9,1.0
2025-01-21,busicpr9,1.0
2025-01-22,busicpr9,1.0
2025-01-23,busicpr9,1.0
2025-01-24,busicpr9,1.0
2025-01-25,busicpr9,1.0
2025-01-26,busicpr9,0.0
2025-01-27,busicpr9,0.0
2025-01-28,busicpr9,0.0
2025-01-29,busicpr9,0.0
2025-01-30,busicpr9,1.0
2025-01-31,busicpr9,1.0
2025-02-01,busicpr9,1.0
2025-02-02,busicpr9,0.0
2025-02-03,busicpr9,1.0
2025-02-04,busicpr9,1.0
2025-02-05,busicpr9,1.0
2025-02-06,busicpr9,1.0
2025-02-07,busicpr9,1.0
2025-02-08,busicpr9,1.0
2025-02-09,busicpr9,0.0
2025-02-10,busicpr9,1.0
2025-02-11,busicpr9,1.0
2025-02-12,busicpr9,1.0
2025-02-13,busicpr9,1.0
2025-02-14,busicpr9,1.0
2025-02-15,busicpr9,1.0
2025-02-16,busicpr9,0.0
2025-02-17,busicpr9,1.0
2025-02-18,busicpr9,1.0
2025-02-19,busicpr9,1.0
2025-02-20,busicpr9,1.0
2025-02-21,busicpr9,1.0
2025-02-22,busicpr9,1.0
2025-02-23,busicpr9,0.0
2025-02-24,busicpr9,1.0
2025-02-25,busicpr9,1.0
2025-02-26,busicpr9,1.0
2025-02-27,busicpr9,1.0
2025-02-28,busicpr9,1.0
2025-03-01,busicpr9,1.0
2025-03-02,busicpr9,0.0
2025-03-03,busicpr9,1.0
2025-03-04,busicpr9,1.0
2025-03-05,busicpr9,1.0
2025-03-06,busicpr9,1.0
2025-03-07,busicpr9,1.0
2025-03-08,busicpr9,1.0
2025-03-09,busicpr9,0.0
2025-03-10,busicpr9,1.0
2025-03-11,busicpr9,1.0
2025-03-12,busicpr9,1.0
2025-03-13,busicpr9,1.0
2025-03-14,busicpr9,1.0
2025-03-15,busicpr9,1.0
2025-03-16,busicpr9,0.0
2025-03-17,busicpr9,1.0
2025-03-18,busicpr9,1.0
2025-03-19,busicpr9,1.0
2025-03-20,busicpr9,1.0
2025-03-21,busicpr9,1.0
2025-03-22,busicpr9,1.0
2025-03-23,busicpr9,0.0
2025-03-24,busicpr9,1.0
2025-03-25,busicpr9,1.0
2025-03-26,busicpr9,1.0
2025-03-27,busicpr9,1.0
2025-03-28,busicpr9,1.0
2025-03-29,busicpr9,0.0
2025-03-30,busicpr9,0.0
2025-03-31,busicpr9,0.0
2025-04-01,busicpr9,0.0
2025-04-02,busicpr9,1.0
2025-04-03,busicpr9,1.0
2025-04-04,busicpr9,1.0
2025-04-05,busicpr9,1.0
2025-04-06,busicpr9,0.0
2025-04-07,busicpr9,1.0
2025-04-08,busicpr9,1.0
2025-04-09,busicpr9,1.0
2025-04-10,busicpr9,1.0
2025-04-11,busicpr9,1.0
2025-04-12,busicpr9,1.0
2025-04-13,busicpr9,0.0
2025-04-14,busicpr9,1.0
2025-04-15,busicpr9,1.0
2025-04-16,busicpr9,1.0
2025-04-17,busicpr9,0.0
2025-04-18,busicpr9,0.0
2025-04-19,busicpr9,1.0
2025-04-20,busicpr9,0.0
2025-04-21,busicpr9,1.0
2025-04-22,busicpr9,1.0
2025-04-23,busicpr9,1.0
2025-04-24,busicpr9,1.0
2025-04-25,busicpr9,1.0
2025-04-26,busicpr9,1.0
2025-04-27,busicpr9,0.0
2025-04-28,busicpr9,1.0
2025-04-29,busicpr9,0.0
2025-04-30,busicpr9,0.0
2025-05-01,busicpr9,0.0
2025-05-02,busicpr9,0.0
2025-05-03,busicpr9,0.0
2025-05-04,busicpr9,0.0
2025-05-05,busicpr9,1.0
2025-05-06,busicpr9,1.0
2025-05-07,busicpr9,1.0
2025-05-08,busicpr9,1.0
2025-05-09,busicpr9,1.0
2025-05-10,busicpr9,1.0
2025-05-11,busicpr9,0.0
2025-05-12,busicpr9,0.0
2025-05-13,busicpr9,0.0
2025-05-14,busicpr9,1.0
2025-05-15,busicpr9,1.0
2025-05-16,busicpr9,1.0
2025-05-17,busicpr9,1.0
2025-05-18,busicpr9,0.0
2025-05-19,busicpr9,1.0
2025-05-20,busicpr9,1.0
2025-05-21,busicpr9,1.0
2025-05-22,busicpr9,1.0
2025-05-23,busicpr9,1.0
2025-05-24,busicpr9,1.0
2025-05-25,busicpr9,0.0
2025-05-26,busicpr9,1.0
2025-05-27,busicpr9,1.0
2025-05-28,busicpr9,1.0
2025-05-29,busicpr9,0.0
2025-05-30,busicpr9,0.0
2025-05-31,busicpr9,1.0
2025-06-01,busicpr9,0.0
2025-06-02,busicpr9,1.0
2025-06-03,busicpr9,1.0
2025-06-04,busicpr9,1.0
2025-06-05,busicpr9,1.0
2025-06-06,busicpr9,0.0
2025-06-07,busicpr9,1.0
2025-06-08,busicpr9,0.0
2025-06-09,busicpr9,0.0
2025-06-10,busicpr9,1.0
2025-06-11,busicpr9,1.0
2025-06-12,busicpr9,1.0
2025-06-13,busicpr9,1.0
2025-06-14,busicpr9,1.0
2025-06-15,busicpr9,0.0
2025-06-16,busicpr9,1.0
2025-06-17,busicpr9,1.0
2025-06-18,busicpr9,1.0
2025-06-19,busicpr9,1.0
2025-06-20,busicpr9,1.0
2025-06-21,busicpr9,1.0
2025-06-22,busicpr9,0.0
2025-06-23,busicpr9,0.0
2025-06-24,busicpr9,1.0
2025-06-25,busicpr9,1.0
2025-06-26,busicpr9,1.0
2025-06-27,busicpr9,0.0
2025-06-28,busicpr9,1.0
2025-06-29,busicpr9,0.0
2025-06-30,busicpr9,1.0
2025-07-01,busicpr9,1.0
2025-07-02,busicpr9,0.0
2025-07-03,busicpr9,1.0
2025-07-04,busicpr9,1.0
2025-07-05,busicpr9,1.0
2025-07-06,busicpr9,0.0
2025-07-07,busicpr9,0.0
2025-07-08,busicpr9,1.0
2025-07-09,busicpr9,1.0
2025-07-10,busicpr9,1.0
2025-07-11,busicpr9,1.0
2025-07-12,busicpr9,1.0
2025-07-13,busicpr9,0.0
2025-07-14,busicpr9,1.0
2025-07-15,busicpr9,1.0
2025-07-16,busicpr9,1.0
2025-07-17,busicpr9,1.0
2025-07-18,busicpr9,1.0
2025-07-19,busicpr9,1.0
2025-07-20,busicpr9,0.0
2025-07-21,busicpr9,1.0
2025-07-22,busicpr9,1.0
2025-07-23,busicpr9,1.0
2025-07-24,busicpr9,1.0
2025-07-25,busicpr9,1.0
2025-07-26,busicpr9,1.0
2025-07-27,busicpr9,0.0
2025-07-28,busicpr9,1.0
2025-07-29,busicpr9,1.0
2025-07-30,busicpr9,1.0
2025-07-31,busicpr9,1.0
2025-08-01,busicpr9,1.0
2025-08-02,busicpr9,1.0
2025-08-03,busicpr9,0.0
2025-08-04,busicpr9,1.0
2025-08-05,busicpr9,1.0
2025-08-06,busicpr9,1.0
2025-08-07,busicpr9,1.0
2025-08-08,busicpr9,1.0
2025-08-09,busicpr9,1.0
2025-08-10,busicpr9,0.0
2025-08-11,busicpr9,1.0
2025-08-12,busicpr9,1.0
2025-08-13,busicpr9,1.0
2025-08-14,busicpr9,1.0
2025-08-15,busicpr9,1.0
2025-08-16,busicpr9,1.0
2025-08-17,busicpr9,0.0
2025-08-18,busicpr9,0.0
2025-08-19,busicpr9,1.0
2025-08-20,busicpr9,1.0
2025-08-21,busicpr9,1.0
2025-08-22,busicpr9,1.0
2025-08-23,busicpr9,1.0
2025-08-24,busicpr9,0.0
2025-08-25,busicpr9,1.0
2025-08-26,busicpr9,1.0
2025-08-27,busicpr9,1.0
2025-08-28,busicpr9,1.0
2025-08-29,busicpr9,1.0
2025-08-30,busicpr9,1.0
2025-08-31,busicpr9,0.0
2025-09-01,busicpr9,1.0
2025-09-02,busicpr9,1.0
2025-09-03,busicpr9,1.0
2025-09-04,busicpr9,1.0
2025-09-05,busicpr9,0.0
2025-09-06,busicpr9,1.0
2025-09-07,busicpr9,0.0
2025-09-08,busicpr9,1.0
2025-09-09,busicpr9,1.0
2025-09-10,busicpr9,1.0
2025-09-11,busicpr9,1.0
2025-09-12,busicpr9,1.0
2025-09-13,busicpr9,1.0
2025-09-14,busicpr9,0.0
2025-09-15,busicpr9,1.0
2025-09-16,busicpr9,1.0
2025-09-17,busicpr9,1.0
2025-09-18,busicpr9,1.0
2025-09-19,busicpr9,1.0
2025-09-20,busicpr9,1.0
2025-09-21,busicpr9,0.0
2025-09-22,busicpr9,1.0
2025-09-23,busicpr9,1.0
2025-09-24,busicpr9,1.0
2025-09-25,busicpr9,1.0
2025-09-26,busicpr9,1.0
2025-09-27,busicpr9,1.0
2025-09-28,busicpr9,0.0
2025-09-29,busicpr9,1.0
2025-09-30,busicpr9,1.0
2025-10-01,busicpr9,1.0
2025-10-02,busicpr9,1.0
2025-10-03,busicpr9,1.0
2025-10-04,busicpr9,1.0
2025-10-05,busicpr9,0.0
2025-10-06,busicpr9,1.0
2025-10-07,busicpr9,1.0
2025-10-08,busicpr9,1.0
2025-10-09,busicpr9,1.0
2025-10-10,busicpr9,1.0
2025-10-11,busicpr9,1.0
2025-10-12,busicpr9,0.0
2025-10-13,busicpr9,1.0
2025-10-14,busicpr9,1.0
2025-10-15,busicpr9,1.0
2025-10-16,busicpr9,1.0
2025-10-17,busicpr9,1.0
2025-10-18,busicpr9,1.0
2025-10-19,busicpr9,0.0
2025-10-20,busicpr9,1.0
2025-10-21,busicpr9,1.0
2025-10-22,busicpr9,1.0
2025-10-23,busicpr9,1.0
2025-10-24,busicpr9,1.0
2025-10-25,busicpr9,1.0
2025-10-26,busicpr9,0.0
2025-10-27,busicpr9,1.0
2025-10-28,busicpr9,1.0
2025-10-29,busicpr9,1.0
2025-10-30,busicpr9,1.0
2025-10-31,busicpr9,1.0
2025-01-01,filterudara,0.0
2025-01-02,filterudara,1.0
2025-01-03,filterudara,1.0
2025-01-04,filterudara,1.0
2025-01-05,filterudara,0.0
2025-01-06,filterudara,1.0
2025-01-07,filterudara,1.0
2025-01-08,filterudara,0.0
2025-01-09,filterudara,1.0
2025-01-10,filterudara,1.0
2025-01-11,filterudara,1.0
2025-01-12,filterudara,0.0
2025-01-13,filterudara,1.0
2025-01-14,filterudara,1.0
2025-01-15,filterudara,1.0
2025-01-16,filterudara,1.0
2025-01-17,filterudara,1.0
2025-01-18,filterudara,1.0
2025-01-19,filterudara,0.0
2025-01-20,filterudara,1.0
2025-01-21,filterudara,0.0
2025-01-22,filterudara,1.0
2025-01-23,filterudara,1.0
2025-01-24,filterudara,1.0
2025-01-25,filterudara,1.0
2025-01-26,filterudara,0.0
2025-01-27,filterudara,0.0
2025-01-28,filterudara,0.0
2025-01-29,filterudara,0.0
2025-01-30,filterudara,1.0
2025-01-31,filterudara,1.0
2025-02-01,filterudara,1.0
2025-02-02,filterudara,0.0
2025-02-03,filterudara,1.0
2025-02-04,filterudara,0.0
2025-02-05,filterudara,1.0
2025-02-06,filterudara,1.0
2025-02-07,filterudara,1.0
2025-02-08,filterudara,1.0
2025-02-09,filterudara,0.0
2025-02-10,filterudara,1.0
2025-02-11,filterudara,1.0
2025-02-12,filterudara,1.0
2025-02-13,filterudara,1.0
2025-02-14,filterudara,1.0
2025-02-15,filterudara,1.0
2025-02-16,filterudara,0.0
2025-02-17,filterudara,1.0
2025-02-18,filterudara,1.0
2025-02-19,filterudara,1.0
2025-02-20,filterudara,1.0
2025-02-21,filterudara,1.0
2025-02-22,filterudara,1.0
2025-02-23,filterudara,0.0
2025-02-24,filterudara,1.0
2025-02-25,filterudara,1.0
2025-02-26,filterudara,1.0
2025-02-27,filterudara,1.0
2025-02-28,filterudara,1.0
2025-03-01,filterudara,1.0
2025-03-02,filterudara,0.0
2025-03-03,filterudara,1.0
2025-03-04,filterudara,1.0
2025-03-05,filterudara,1.0
2025-03-06,filterudara,1.0
2025-03-07,filterudara,1.0
2025-03-08,filterudara,1.0
2025-03-09,filterudara,0.0
2025-03-10,filterudara,1.0
2025-03-11,filterudara,1.0
2025-03-12,filterudara,1.0
2025-03-13,filterudara,1.0
2025-03-14,filterudara,1.0
2025-03-15,filterudara,1.0
2025-03-16,filterudara,0.0
2025-03-17,filterudara,0.0
2025-03-18,filterudara,1.0
2025-03-19,filterudara,1.0
2025-03-20,filterudara,1.0
2025-03-21,filterudara,1.0
2025-03-22,filterudara,1.0
2025-03-23,filterudara,0.0
2025-03-24,filterudara,1.0
2025-03-25,filterudara,1.0
2025-03-26,filterudara,0.0
2025-03-27,filterudara,1.0
2025-03-28,filterudara,1.0
2025-03-29,filterudara,0.0
2025-03-30,filterudara,0.0
2025-03-31,filterudara,0.0
2025-04-01,filterudara,0.0
2025-04-02,filterudara,1.0
2025-04-03,filterudara,1.0
2025-04-04,filterudara,1.0
2025-04-05,filterudara,1.0
2025-04-06,filterudara,0.0
2025-04-07,filterudara,1.0
2025-04-08,filterudara,1.0
2025-04-09,filterudara,1.0
2025-04-10,filterudara,1.0
2025-04-11,filterudara,1.0
2025-04-12,filterudara,1.0
2025-04-13,filterudara,0.0
2025-04-14,filterudara,1.0
2025-04-15,filterudara,1.0
2025-04-16,filterudara,1.0
2025-04-17,filterudara,0.0
2025-04-18,filterudara,0.0
2025-04-19,filterudara,1.0
2025-04-20,filterudara,0.0
2025-04-21,filterudara,0.0
2025-04-22,filterudara,1.0
2025-04-23,filterudara,1.0
2025-04-24,filterudara,1.0
2025-04-25,filterudara,1.0
2025-04-26,filterudara,1.0
2025-04-27,filterudara,0.0
2025-04-28,filterudara,1.0
2025-04-29,filterudara,0.0
2025-04-30,filterudara,0.0
2025-05-01,filterudara,0.0
2025-05-02,filterudara,0.0
2025-05-03,filterudara,0.0
2025-05-04,filterudara,0.0
2025-05-05,filterudara,1.0
2025-05-06,filterudara,1.0
2025-05-07,filterudara,1.0
2025-05-08,filterudara,1.0
2025-05-09,filterudara,1.0
2025-05-10,filterudara,1.0
2025-05-11,filterudara,0.0
2025-05-12,filterudara,0.0
2025-05-13,filterudara,0.0
2025-05-14,filterudara,1.0
2025-05-15,filterudara,1.0
2025-05-16,filterudara,1.0
2025-05-17,filterudara,1.0
2025-05-18,filterudara,0.0
2025-05-19,filterudara,1.0
2025-05-20,filterudara,1.0
2025-05-21,filterudara,1.0
2025-05-22,filterudara,1.0
2025-05-23,filterudara,1.0
2025-05-24,filterudara,1.0
2025-05-25,filterudara,0.0
2025-05-26,filterudara,1.0
2025-05-27,filterudara,1.0
2025-05-28,filterudara,1.0
2025-05-29,filterudara,0.0
2025-05-30,filterudara,0.0
2025-05-31,filterudara,1.0
2025-06-01,filterudara,0.0
2025-06-02,filterudara,1.0
2025-06-03,filterudara,1.0
2025-06-04,filterudara,1.0
2025-06-05,filterudara,1.0
2025-06-06,filterudara,0.0
2025-06-07,filterudara,1.0
2025-06-08,filterudara,0.0
2025-06-09,filterudara,0.0
2025-06-10,filterudara,1.0
2025-06-11,filterudara,1.0
2025-06-12,filterudara,1.0
2025-06-13,filterudara,1.0
2025-06-14,filterudara,1.0
2025-06-15,filterudara,0.0
2025-06-16,filterudara,1.0
2025-06-17,filterudara,1.0
2025-06-18,filterudara,0.0
2025-06-19,filterudara,1.0
2025-06-20,filterudara,1.0
2025-06-21,filterudara,1.0
2025-06-22,filterudara,0.0
2025-06-23,filterudara,1.0
2025-06-24,filterudara,0.0
2025-06-25,filterudara,0.0
2025-06-26,filterudara,1.0
2025-06-27,filterudara,0.0
2025-06-28,filterudara,1.0
2025-06-29,filterudara,0.0
2025-06-30,filterudara,1.0
2025-07-01,filterudara,0.0
2025-07-02,filterudara,1.0
2025-07-03,filterudara,1.0
2025-07-04,filterudara,1.0
2025-07-05,filterudara,1.0
2025-07-06,filterudara,0.0
2025-07-07,filterudara,0.0
2025-07-08,filterudara,1.0
2025-07-09,filterudara,1.0
2025-07-10,filterudara,1.0
2025-07-11,filterudara,1.0
2025-07-12,filterudara,1.0
2025-07-13,filterudara,0.0
2025-07-14,filterudara,1.0
2025-07-15,filterudara,0.0
2025-07-16,filterudara,1.0
2025-07-17,filterudara,1.0
2025-07-18,filterudara,1.0
2025-07-19,filterudara,1.0
2025-07-20,filterudara,0.0
2025-07-21,filterudara,0.0
2025-07-22,filterudara,1.0
2025-07-23,filterudara,1.0
2025-07-24,filterudara,1.0
2025-07-25,filterudara,1.0
2025-07-26,filterudara,1.0
2025-07-27,filterudara,0.0
2025-07-28,filterudara,1.0
2025-07-29,filterudara,1.0
2025-07-30,filterudara,1.0
2025-07-31,filterudara,1.0
2025-08-01,filterudara,1.0
2025-08-02,filterudara,1.0
2025-08-03,filterudara,0.0
2025-08-04,filterudara,1.0
2025-08-05,filterudara,1.0
2025-08-06,filterudara,1.0
2025-08-07,filterudara,1.0
2025-08-08,filterudara,1.0
2025-08-09,filterudara,1.0
2025-08-10,filterudara,0.0
2025-08-11,filterudara,1.0
2025-08-12,filterudara,1.0
2025-08-13,filterudara,1.0
2025-08-14,filterudara,1.0
2025-08-15,filterudara,1.0
2025-08-16,filterudara,1.0
2025-08-17,filterudara,0.0
2025-08-18,filterudara,0.0
2025-08-19,filterudara,1.0
2025-08-20,filterudara,1.0
2025-08-21,filterudara,1.0
2025-08-22,filterudara,1.0
2025-08-23,filterudara,1.0
2025-08-24,filterudara,0.0
2025-08-25,filterudara,1.0
2025-08-26,filterudara,1.0
2025-08-27,filterudara,1.0
2025-08-28,filterudara,1.0
2025-08-29,filterudara,1.0
2025-08-30,filterudara,1.0
2025-08-31,filterudara,0.0
2025-09-01,filterudara,1.0
2025-09-02,filterudara,1.0
2025-09-03,filterudara,1.0
2025-09-04,filterudara,1.0
2025-09-05,filterudara,0.0
2025-09-06,filterudara,1.0
2025-09-07,filterudara,0.0
2025-09-08,filterudara,1.0
2025-09-09,filterudara,1.0
2025-09-10,filterudara,1.0
2025-09-11,filterudara,1.0
2025-09-12,filterudara,1.0
2025-09-13,filterudara,1.0
2025-09-14,filterudara,0.0
2025-09-15,filterudara,1.0
2025-09-16,filterudara,1.0
2025-09-17,filterudara,1.0
2025-09-18,filterudara,1.0
2025-09-19,filterudara,1.0
2025-09-20,filterudara,1.0
2025-09-21,filterudara,0.0
2025-09-22,filterudara,1.0
2025-09-23,filterudara,1.0
2025-09-24,filterudara,1.0
2025-09-25,filterudara,1.0
2025-09-26,filterudara,1.0
2025-09-27,filterudara,1.0
2025-09-28,filterudara,0.0
2025-09-29,filterudara,1.0
2025-09-30,filterudara,1.0
2025-10-01,filterudara,0.0
2025-10-02,filterudara,1.0
2025-10-03,filterudara,1.0
2025-10-04,filterudara,1.0
2025-10-05,filterudara,0.0
2025-10-06,filterudara,1.0
2025-10-07,filterudara,0.0
2025-10-08,filterudara,1.0
2025-10-09,filterudara,1.0
2025-10-10,filterudara,1.0
2025-10-11,filterudara,1.0
2025-10-12,filterudara,0.0
2025-10-13,filterudara,0.0
2025-10-14,filterudara,1.0
2025-10-15,filterudara,1.0
2025-10-16,filterudara,1.0
2025-10-17,filterudara,1.0
2025-10-18,filterudara,1.0
2025-10-19,filterudara,0.0
2025-10-20,filterudara,0.0
2025-10-21,filterudara,1.0
2025-10-22,filterudara,1.0
2025-10-23,filterudara,1.0
2025-10-24,filterudara,1.0
2025-10-25,filterudara,1.0
2025-10-26,filterudara,0.0
2025-10-27,filterudara,1.0
2025-10-28,filterudara,1.0
2025-10-29,filterudara,1.0
2025-10-30,filterudara,1.0
2025-10-31,filterudara,1.0
2025-01-01,kampasrembelakang,0.0
2025-01-02,kampasrembelakang,1.0
2025-01-03,kampasrembelakang,1.0
2025-01-04,kampasrembelakang,1.0
2025-01-05,kampasrembelakang,0.0
2025-01-06,kampasrembelakang,1.0
2025-01-07,kampasrembelakang,1.0
2025-01-08,kampasrembelakang,0.0
2025-01-09,kampasrembelakang,0.0
2025-01-10,kampasrembelakang,1.0
2025-01-11,kampasrembelakang,1.0
2025-01-12,kampasrembelakang,0.0
2025-01-13,kampasrembelakang,1.0
2025-01-14,kampasrembelakang,0.0
2025-01-15,kampasrembelakang,1.0
2025-01-16,kampasrembelakang,1.0
2025-01-17,kampasrembelakang,1.0
2025-01-18,kampasrembelakang,1.0
2025-01-19,kampasrembelakang,0.0
2025-01-20,kampasrembelakang,0.0
2025-01-21,kampasrembelakang,1.0
2025-01-22,kampasrembelakang,1.0
2025-01-23,kampasrembelakang,1.0
2025-01-24,kampasrembelakang,1.0
2025-01-25,kampasrembelakang,1.0
2025-01-26,kampasrembelakang,0.0
2025-01-27,kampasrembelakang,0.0
2025-01-28,kampasrembelakang,0.0
2025-01-29,kampasrembelakang,0.0
2025-01-30,kampasrembelakang,1.0
2025-01-31,kampasrembelakang,1.0
2025-02-01,kampasrembelakang,1.0
2025-02-02,kampasrembelakang,0.0
2025-02-03,kampasrembelakang,1.0
2025-02-04,kampasrembelakang,1.0
2025-02-05,kampasrembelakang,0.0
2025-02-06,kampasrembelakang,1.0
2025-02-07,kampasrembelakang,1.0
2025-02-08,kampasrembelakang,1.0
2025-02-09,kampasrembelakang,0.0
2025-02-10,kampasrembelakang,1.0
2025-02-11,kampasrembelakang,0.0
2025-02-12,kampasrembelakang,1.0
2025-02-13,kampasrembelakang,1.0
2025-02-14,kampasrembelakang,1.0
2025-02-15,kampasrembelakang,1.0
2025-02-16,kampasrembelakang,0.0
2025-02-17,kampasrembelakang,0.0
2025-02-18,kampasrembelakang,0.0
2025-02-19,kampasrembelakang,0.0
2025-02-20,kampasrembelakang,1.0
2025-02-21,kampasrembelakang,0.0
2025-02-22,kampasrembelakang,1.0
2025-02-23,kampasrembelakang,0.0
2025-02-24,kampasrembelakang,1.0
2025-02-25,kampasrembelakang,1.0
2025-02-26,kampasrembelakang,1.0
2025-02-27,kampasrembelakang,1.0
2025-02-28,kampasrembelakang,1.0
2025-03-01,kampasrembelakang,1.0
2025-03-02,kampasrembelakang,0.0
2025-03-03,kampasrembelakang,1.0
2025-03-04,kampasrembelakang,1.0
2025-03-05,kampasrembelakang,1.0
2025-03-06,kampasrembelakang,1.0
2025-03-07,kampasrembelakang,1.0
2025-03-08,kampasrembelakang,1.0
2025-03-09,kampasrembelakang,0.0
2025-03-10,kampasrembelakang,1.0
2025-03-11,kampasrembelakang,0.0
2025-03-12,kampasrembelakang,0.0
2025-03-13,kampasrembelakang,1.0
2025-03-14,kampasrembelakang,1.0
2025-03-15,kampasrembelakang,1.0
2025-03-16,kampasrembelakang,0.0
2025-03-17,kampasrembelakang,1.0
2025-03-18,kampasrembelakang,1.0
2025-03-19,kampasrembelakang,0.0
2025-03-20,kampasrembelakang,1.0
2025-03-21,kampasrembelakang,1.0
2025-03-22,kampasrembelakang,1.0
2025-03-23,kampasrembelakang,0.0
2025-03-24,kampasrembelakang,1.0
2025-03-25,kampasrembelakang,0.0
2025-03-26,kampasrembelakang,0.0
2025-03-27,kampasrembelakang,1.0
2025-03-28,kampasrembelakang,1.0
2025-03-29,kampasrembelakang,0.0
2025-03-30,kampasrembelakang,0.0
2025-03-31,kampasrembelakang,0.0
2025-04-01,kampasrembelakang,0.0
2025-04-02,kampasrembelakang,1.0
2025-04-03,kampasrembelakang,1.0
2025-04-04,kampasrembelakang,1.0
2025-04-05,kampasrembelakang,1.0
2025-04-06,kampasrembelakang,0.0
2025-04-07,kampasrembelakang,1.0
2025-04-08,kampasrembelakang,1.0
2025-04-09,kampasrembelakang,1.0
2025-04-10,kampasrembelakang,1.0
2025-04-11,kampasrembelakang,1.0
2025-04-12,kampasrembelakang,1.0
2025-04-13,kampasrembelakang,0.0
2025-04-14,kampasrembelakang,0.0
2025-04-15,kampasrembelakang,1.0
2025-04-16,kampasrembelakang,0.0
2025-04-17,kampasrembelakang,0.0
2025-04-18,kampasrembelakang,0.0
2025-04-19,kampasrembelakang,1.0
2025-04-20,kampasrembelakang,0.0
2025-04-21,kampasrembelakang,1.0
2025-04-22,kampasrembelakang,1.0
2025-04-23,kampasrembelakang,1.0
2025-04-24,kampasrembelakang,1.0
2025-04-25,kampasrembelakang,1.0
2025-04-26,kampasrembelakang,1.0
2025-04-27,kampasrembelakang,0.0
2025-04-28,kampasrembelakang,1.0
2025-04-29,kampasrembelakang,0.0
2025-04-30,kampasrembelakang,0.0
2025-05-01,kampasrembelakang,0.0
2025-05-02,kampasrembelakang,0.0
2025-05-03,kampasrembelakang,0.0
2025-05-04,kampasrembelakang,0.0
2025-05-05,kampasrembelakang,0.0
2025-05-06,kampasrembelakang,0.0
2025-05-07,kampasrembelakang,0.0
2025-05-08,kampasrembelakang,1.0
2025-05-09,kampasrembelakang,1.0
2025-05-10,kampasrembelakang,1.0
2025-05-11,kampasrembelakang,0.0
2025-05-12,kampasrembelakang,0.0
2025-05-13,kampasrembelakang,0.0
2025-05-14,kampasrembelakang,1.0
2025-05-15,kampasrembelakang,1.0
2025-05-16,kampasrembelakang,1.0
2025-05-17,kampasrembelakang,1.0
2025-05-18,kampasrembelakang,0.0
2025-05-19,kampasrembelakang,1.0
2025-05-20,kampasrembelakang,1.0
2025-05-21,kampasrembelakang,1.0
2025-05-22,kampasrembelakang,0.0
2025-05-23,kampasrembelakang,1.0
2025-05-24,kampasrembelakang,1.0
2025-05-25,kampasrembelakang,0.0
2025-05-26,kampasrembelakang,0.0
2025-05-27,kampasrembelakang,0.0
2025-05-28,kampasrembelakang,1.0
2025-05-29,kampasrembelakang,0.0
2025-05-30,kampasrembelakang,0.0
2025-05-31,kampasrembelakang,1.0
2025-06-01,kampasrembelakang,0.0
2025-06-02,kampasrembelakang,1.0
2025-06-03,kampasrembelakang,1.0
2025-06-04,kampasrembelakang,1.0
2025-06-05,kampasrembelakang,1.0
2025-06-06,kampasrembelakang,0.0
2025-06-07,kampasrembelakang,1.0
2025-06-08,kampasrembelakang,0.0
2025-06-09,kampasrembelakang,0.0
2025-06-10,kampasrembelakang,1.0
2025-06-11,kampasrembelakang,0.0
2025-06-12,kampasrembelakang,1.0
2025-06-13,kampasrembelakang,1.0
2025-06-14,kampasrembelakang,1.0
2025-06-15,kampasrembelakang,0.0
2025-06-16,kampasrembelakang,1.0
2025-06-17,kampasrembelakang,1.0
2025-06-18,kampasrembelakang,1.0
2025-06-19,kampasrembelakang,1.0
2025-06-20,kampasrembelakang,1.0
2025-06-21,kampasrembelakang,1.0
2025-06-22,kampasrembelakang,0.0
2025-06-23,kampasrembelakang,1.0
2025-06-24,kampasrembelakang,1.0
2025-06-25,kampasrembelakang,1.0
2025-06-26,kampasrembelakang,1.0
2025-06-27,kampasrembelakang,0.0
2025-06-28,kampasrembelakang,1.0
2025-06-29,kampasrembelakang,0.0
2025-06-30,kampasrembelakang,1.0
2025-07-01,kampasrembelakang,1.0
2025-07-02,kampasrembelakang,0.0
2025-07-03,kampasrembelakang,1.0
2025-07-04,kampasrembelakang,1.0
2025-07-05,kampasrembelakang,1.0
2025-07-06,kampasrembelakang,0.0
2025-07-07,kampasrembelakang,1.0
2025-07-08,kampasrembelakang,1.0
2025-07-09,kampasrembelakang,0.0
2025-07-10,kampasrembelakang,1.0
2025-07-11,kampasrembelakang,1.0
2025-07-12,kampasrembelakang,1.0
2025-07-13,kampasrembelakang,0.0
2025-07-14,kampasrembelakang,1.0
2025-07-15,kampasrembelakang,1.0
2025-07-16,kampasrembelakang,0.0
2025-07-17,kampasrembelakang,1.0
2025-07-18,kampasrembelakang,1.0
2025-07-19,kampasrembelakang,1.0
2025-07-20,kampasrembelakang,0.0
2025-07-21,kampasrembelakang,1.0
2025-07-22,kampasrembelakang,1.0
2025-07-23,kampasrembelakang,0.0
2025-07-24,kampasrembelakang,1.0
2025-07-25,kampasrembelakang,1.0
2025-07-26,kampasrembelakang,1.0
2025-07-27,kampasrembelakang,0.0
2025-07-28,kampasrembelakang,1.0
2025-07-29,kampasrembelakang,0.0
2025-07-30,kampasrembelakang,1.0
2025-07-31,kampasrembelakang,1.0
2025-08-01,kampasrembelakang,1.0
2025-08-02,kampasrembelakang,1.0
2025-08-03,kampasrembelakang,0.0
2025-08-04,kampasrembelakang,1.0
2025-08-05,kampasrembelakang,1.0
2025-08-06,kampasrembelakang,0.0
2025-08-07,kampasrembelakang,1.0
2025-08-08,kampasrembelakang,1.0
2025-08-09,kampasrembelakang,1.0
2025-08-10,kampasrembelakang,0.0
2025-08-11,kampasrembelakang,1.0
2025-08-12,kampasrembelakang,0.0
2025-08-13,kampasrembelakang,0.0
2025-08-14,kampasrembelakang,1.0
2025-08-15,kampasrembelakang,1.0
2025-08-16,kampasrembelakang,1.0
2025-08-17,kampasrembelakang,0.0
2025-08-18,kampasrembelakang,0.0
2025-08-19,kampasrembelakang,1.0
2025-08-20,kampasrembelakang,1.0
2025-08-21,kampasrembelakang,1.0
2025-08-22,kampasrembelakang,1.0
2025-08-23,kampasrembelakang,1.0
2025-08-24,kampasrembelakang,0.0
2025-08-25,kampasrembelakang,1.0
2025-08-26,kampasrembelakang,0.0
2025-08-27,kampasrembelakang,1.0
2025-08-28,kampasrembelakang,0.0
2025-08-29,kampasrembelakang,1.0
2025-08-30,kampasrembelakang,1.0
2025-08-31,kampasrembelakang,0.0
2025-09-01,kampasrembelakang,1.0
2025-09-02,kampasrembelakang,1.0
2025-09-03,kampasrembelakang,1.0
2025-09-04,kampasrembelakang,1.0
2025-09-05,kampasrembelakang,0.0
2025-09-06,kampasrembelakang,1.0
2025-09-07,kampasrembelakang,0.0
2025-09-08,kampasrembelakang,0.0
2025-09-09,kampasrembelakang,0.0
2025-09-10,kampasrembelakang,1.0
2025-09-11,kampasrembelakang,1.0
2025-09-12,kampasrembelakang,1.0
2025-09-13,kampasrembelakang,1.0
2025-09-14,kampasrembelakang,0.0
2025-09-15,kampasrembelakang,1.0
2025-09-16,kampasrembelakang,1.0
2025-09-17,kampasrembelakang,1.0
2025-09-18,kampasrembelakang,0.0
2025-09-19,kampasrembelakang,1.0
2025-09-20,kampasrembelakang,1.0
2025-09-21,kampasrembelakang,0.0
2025-09-22,kampasrembelakang,1.0
2025-09-23,kampasrembelakang,0.0
2025-09-24,kampasrembelakang,1.0
2025-09-25,kampasrembelakang,1.0
2025-09-26,kampasrembelakang,1.0
2025-09-27,kampasrembelakang,1.0
2025-09-28,kampasrembelakang,0.0
2025-09-29,kampasrembelakang,1.0
2025-09-30,kampasrembelakang,0.0
2025-10-01,kampasrembelakang,1.0
2025-10-02,kampasrembelakang,1.0
2025-10-03,kampasrembelakang,1.0
2025-10-04,kampasrembelakang,1.0
2025-10-05,kampasrembelakang,0.0
2025-10-06,kampasrembelakang,1.0
2025-10-07,kampasrembelakang,1.0
2025-10-08,kampasrembelakang,1.0
2025-10-09,kampasrembelakang,1.0
2025-10-10,kampasrembelakang,1.0
2025-10-11,kampasrembelakang,1.0
2025-10-12,kampasrembelakang,0.0
2025-10-13,kampasrembelakang,1.0
2025-10-14,kampasrembelakang,1.0
2025-10-15,kampasrembelakang,1.0
2025-10-16,kampasrembelakang,1.0
2025-10-17,kampasrembelakang,1.0
2025-10-18,kampasrembelakang,1.0
2025-10-19,kampasrembelakang,0.0
2025-10-20,kampasrembelakang,0.0
2025-10-21,kampasrembelakang,0.0
2025-10-22,kampasrembelakang,0.0
2025-10-23,kampasrembelakang,1.0
2025-10-24,kampasrembelakang,1.0
2025-10-25,kampasrembelakang,1.0
2025-10-26,kampasrembelakang,0.0
2025-10-27,kampasrembelakang,1.0
2025-10-28,kampasrembelakang,1.0
2025-10-29,kampasrembelakang,1.0
2025-10-30,kampasrembelakang,1.0
2025-10-31,kampasrembelakang,1.0
2025-01-01,kampasremdepan,0.0
2025-01-02,kampasremdepan,1.0
2025-01-03,kampasremdepan,1.0
2025-01-04,kampasremdepan,1.0
2025-01-05,kampasremdepan,0.0
2025-01-06,kampasremdepan,1.0
2025-01-07,kampasremdepan,0.0
2025-01-08,kampasremdepan,1.0
2025-01-09,kampasremdepan,1.0
2025-01-10,kampasremdepan,1.0
2025-01-11,kampasremdepan,1.0
2025-01-12,kampasremdepan,0.0
2025-01-13,kampasremdepan,1.0
2025-01-14,kampasremdepan,1.0
2025-01-15,kampasremdepan,1.0
2025-01-16,kampasremdepan,1.0
2025-01-17,kampasremdepan,1.0
2025-01-18,kampasremdepan,1.0
2025-01-19,kampasremdepan,0.0
2025-01-20,kampasremdepan,0.0
2025-01-21,kampasremdepan,1.0
2025-01-22,kampasremdepan,1.0
2025-01-23,kampasremdepan,1.0
2025-01-24,kampasremdepan,1.0
2025-01-25,kampasremdepan,1.0
2025-01-26,kampasremdepan,0.0
2025-01-27,kampasremdepan,0.0
2025-01-28,kampasremdepan,0.0
2025-01-29,kampasremdepan,0.0
2025-01-30,kampasremdepan,1.0
2025-01-31,kampasremdepan,1.0
2025-02-01,kampasremdepan,1.0
2025-02-02,kampasremdepan,0.0
2025-02-03,kampasremdepan,1.0
2025-02-04,kampasremdepan,1.0
2025-02-05,kampasremdepan,1.0
2025-02-06,kampasremdepan,1.0
2025-02-07,kampasremdepan,1.0
2025-02-08,kampasremdepan,1.0
2025-02-09,kampasremdepan,0.0
2025-02-10,kampasremdepan,1.0
2025-02-11,kampasremdepan,1.0
2025-02-12,kampasremdepan,1.0
2025-02-13,kampasremdepan,1.0
2025-02-14,kampasremdepan,1.0
2025-02-15,kampasremdepan,1.0
2025-02-16,kampasremdepan,0.0
2025-02-17,kampasremdepan,0.0
2025-02-18,kampasremdepan,1.0
2025-02-19,kampasremdepan,1.0
2025-02-20,kampasremdepan,1.0
2025-02-21,kampasremdepan,1.0
2025-02-22,kampasremdepan,1.0
2025-02-23,kampasremdepan,0.0
2025-02-24,kampasremdepan,1.0
2025-02-25,kampasremdepan,1.0
2025-02-26,kampasremdepan,1.0
2025-02-27,kampasremdepan,1.0
2025-02-28,kampasremdepan,1.0
2025-03-01,kampasremdepan,1.0
2025-03-02,kampasremdepan,0.0
2025-03-03,kampasremdepan,1.0
2025-03-04,kampasremdepan,1.0
2025-03-05,kampasremdepan,0.0
2025-03-06,kampasremdepan,1.0
2025-03-07,kampasremdepan,1.0
2025-03-08,kampasremdepan,1.0
2025-03-09,kampasremdepan,0.0
2025-03-10,kampasremdepan,1.0
2025-03-11,kampasremdepan,1.0
2025-03-12,kampasremdepan,1.0
2025-03-13,kampasremdepan,1.0
2025-03-14,kampasremdepan,1.0
2025-03-15,kampasremdepan,1.0
2025-03-16,kampasremdepan,0.0
2025-03-17,kampasremdepan,1.0
2025-03-18,kampasremdepan,1.0
2025-03-19,kampasremdepan,1.0
2025-03-20,kampasremdepan,1.0
2025-03-21,kampasremdepan,1.0
2025-03-22,kampasremdepan,1.0
2025-03-23,kampasremdepan,0.0
2025-03-24,kampasremdepan,1.0
2025-03-25,kampasremdepan,0.0
2025-03-26,kampasremdepan,1.0
2025-03-27,kampasremdepan,1.0
2025-03-28,kampasremdepan,1.0
2025-03-29,kampasremdepan,0.0
2025-03-30,kampasremdepan,0.0
2025-03-31,kampasremdepan,0.0
2025-04-01,kampasremdepan,0.0
2025-04-02,kampasremdepan,1.0
2025-04-03,kampasremdepan,1.0
2025-04-04,kampasremdepan,1.0
2025-04-05,kampasremdepan,1.0
2025-04-06,kampasremdepan,0.0
2025-04-07,kampasremdepan,1.0
2025-04-08,kampasremdepan,1.0
2025-04-09,kampasremdepan,1.0
2025-04-10,kampasremdepan,1.0
2025-04-11,kampasremdepan,1.0
2025-04-12,kampasremdepan,1.0
2025-04-13,kampasremdepan,0.0
2025-04-14,kampasremdepan,1.0
2025-04-15,kampasremdepan,1.0
2025-04-16,kampasremdepan,1.0
2025-04-17,kampasremdepan,0.0
2025-04-18,kampasremdepan,0.0
2025-04-19,kampasremdepan,1.0
2025-04-20,kampasremdepan,0.0
2025-04-21,kampasremdepan,1.0
2025-04-22,kampasremdepan,1.0
2025-04-23,kampasremdepan,1.0
2025-04-24,kampasremdepan,0.0
2025-04-25,kampasremdepan,1.0
2025-04-26,kampasremdepan,1.0
2025-04-27,kampasremdepan,0.0
2025-04-28,kampasremdepan,1.0
2025-04-29,kampasremdepan,0.0
2025-04-30,kampasremdepan,0.0
2025-05-01,kampasremdepan,0.0
2025-05-02,kampasremdepan,0.0
2025-05-03,kampasremdepan,0.0
2025-05-04,kampasremdepan,0.0
2025-05-05,kampasremdepan,1.0
2025-05-06,kampasremdepan,1.0
2025-05-07,kampasremdepan,1.0
2025-05-08,kampasremdepan,1.0
2025-05-09,kampasremdepan,1.0
2025-05-10,kampasremdepan,1.0
2025-05-11,kampasremdepan,0.0
2025-05-12,kampasremdepan,0.0
2025-05-13,kampasremdepan,0.0
2025-05-14,kampasremdepan,1.0
2025-05-15,kampasremdepan,1.0
2025-05-16,kampasremdepan,1.0
2025-05-17,kampasremdepan,1.0
2025-05-18,kampasremdepan,0.0
2025-05-19,kampasremdepan,1.0
2025-05-20,kampasremdepan,1.0
2025-05-21,kampasremdepan,1.0
2025-05-22,kampasremdepan,1.0
2025-05-23,kampasremdepan,1.0
2025-05-24,kampasremdepan,1.0
2025-05-25,kampasremdepan,0.0
2025-05-26,kampasremdepan,1.0
2025-05-27,kampasremdepan,1.0
2025-05-28,kampasremdepan,1.0
2025-05-29,kampasremdepan,0.0
2025-05-30,kampasremdepan,0.0
2025-05-31,kampasremdepan,1.0
2025-06-01,kampasremdepan,0.0
2025-06-02,kampasremdepan,1.0
2025-06-03,kampasremdepan,1.0
2025-06-04,kampasremdepan,1.0
2025-06-05,kampasremdepan,1.0
2025-06-06,kampasremdepan,0.0
2025-06-07,kampasremdepan,1.0
2025-06-08,kampasremdepan,0.0
2025-06-09,kampasremdepan,0.0
2025-06-10,kampasremdepan,1.0
2025-06-11,kampasremdepan,1.0
2025-06-12,kampasremdepan,1.0
2025-06-13,kampasremdepan,1.0
2025-06-14,kampasremdepan,1.0
2025-06-15,kampasremdepan,0.0
2025-06-16,kampasremdepan,1.0
2025-06-17,kampasremdepan,1.0
2025-06-18,kampasremdepan,1.0
2025-06-19,kampasremdepan,1.0
2025-06-20,kampasremdepan,1.0
2025-06-21,kampasremdepan,1.0
2025-06-22,kampasremdepan,0.0
2025-06-23,kampasremdepan,1.0
2025-06-24,kampasremdepan,1.0
2025-06-25,kampasremdepan,1.0
2025-06-26,kampasremdepan,1.0
2025-06-27,kampasremdepan,0.0
2025-06-28,kampasremdepan,1.0
2025-06-29,kampasremdepan,0.0
2025-06-30,kampasremdepan,1.0
2025-07-01,kampasremdepan,1.0
2025-07-02,kampasremdepan,1.0
2025-07-03,kampasremdepan,1.0
2025-07-04,kampasremdepan,1.0
2025-07-05,kampasremdepan,1.0
2025-07-06,kampasremdepan,0.0
2025-07-07,kampasremdepan,1.0
2025-07-08,kampasremdepan,1.0
2025-07-09,kampasremdepan,0.0
2025-07-10,kampasremdepan,1.0
2025-07-11,kampasremdepan,1.0
2025-07-12,kampasremdepan,1.0
2025-07-13,kampasremdepan,0.0
2025-07-14,kampasremdepan,1.0
2025-07-15,kampasremdepan,1.0
2025-07-16,kampasremdepan,1.0
2025-07-17,kampasremdepan,1.0
2025-07-18,kampasremdepan,1.0
2025-07-19,kampasremdepan,1.0
2025-07-20,kampasremdepan,0.0
2025-07-21,kampasremdepan,1.0
2025-07-22,kampasremdepan,1.0
2025-07-23,kampasremdepan,1.0
2025-07-24,kampasremdepan,1.0
2025-07-25,kampasremdepan,1.0
2025-07-26,kampasremdepan,1.0
2025-07-27,kampasremdepan,0.0
2025-07-28,kampasremdepan,1.0
2025-07-29,kampasremdepan,0.0
2025-07-30,kampasremdepan,1.0
2025-07-31,kampasremdepan,1.0
2025-08-01,kampasremdepan,1.0
2025-08-02,kampasremdepan,1.0
2025-08-03,kampasremdepan,0.0
2025-08-04,kampasremdepan,1.0
2025-08-05,kampasremdepan,1.0
2025-08-06,kampasremdepan,0.0
2025-08-07,kampasremdepan,1.0
2025-08-08,kampasremdepan,1.0
2025-08-09,kampasremdepan,1.0
2025-08-10,kampasremdepan,0.0
2025-08-11,kampasremdepan,1.0
2025-08-12,kampasremdepan,1.0
2025-08-13,kampasremdepan,1.0
2025-08-14,kampasremdepan,1.0
2025-08-15,kampasremdepan,1.0
2025-08-16,kampasremdepan,1.0
2025-08-17,kampasremdepan,0.0
2025-08-18,kampasremdepan,0.0
2025-08-19,kampasremdepan,1.0
2025-08-20,kampasremdepan,1.0
2025-08-21,kampasremdepan,1.0
2025-08-22,kampasremdepan,1.0
2025-08-23,kampasremdepan,1.0
2025-08-24,kampasremdepan,0.0
2025-08-25,kampasremdepan,1.0
2025-08-26,kampasremdepan,1.0
2025-08-27,kampasremdepan,1.0
2025-08-28,kampasremdepan,1.0
2025-08-29,kampasremdepan,1.0
2025-08-30,kampasremdepan,1.0
2025-08-31,kampasremdepan,0.0
2025-09-01,kampasremdepan,1.0
2025-09-02,kampasremdepan,1.0
2025-09-03,kampasremdepan,1.0
2025-09-04,kampasremdepan,1.0
2025-09-05,kampasremdepan,0.0
2025-09-06,kampasremdepan,1.0
2025-09-07,kampasremdepan,0.0
2025-09-08,kampasremdepan,1.0
2025-09-09,kampasremdepan,1.0
2025-09-10,kampasremdepan,1.0
2025-09-11,kampasremdepan,1.0
2025-09-12,kampasremdepan,1.0
2025-09-13,kampasremdepan,1.0
2025-09-14,kampasremdepan,0.0
2025-09-15,kampasremdepan,1.0
2025-09-16,kampasremdepan,1.0
2025-09-17,kampasremdepan,1.0
2025-09-18,kampasremdepan,1.0
2025-09-19,kampasremdepan,1.0
2025-09-20,kampasremdepan,1.0
2025-09-21,kampasremdepan,0.0
2025-09-22,kampasremdepan,1.0
2025-09-23,kampasremdepan,0.0
2025-09-24,kampasremdepan,1.0
2025-09-25,kampasremdepan,1.0
2025-09-26,kampasremdepan,1.0
2025-09-27,kampasremdepan,1.0
2025-09-28,kampasremdepan,0.0
2025-09-29,kampasremdepan,0.0
2025-09-30,kampasremdepan,1.0
2025-10-01,kampasremdepan,1.0
2025-10-02,kampasremdepan,1.0
2025-10-03,kampasremdepan,1.0
2025-10-04,kampasremdepan,1.0
2025-10-05,kampasremdepan,0.0
2025-10-06,kampasremdepan,1.0
2025-10-07,kampasremdepan,1.0
2025-10-08,kampasremdepan,1.0
2025-10-09,kampasremdepan,1.0
2025-10-10,kampasremdepan,1.0
2025-10-11,kampasremdepan,1.0
2025-10-12,kampasremdepan,0.0
2025-10-13,kampasremdepan,0.0
2025-10-14,kampasremdepan,1.0
2025-10-15,kampasremdepan,1.0
2025-10-16,kampasremdepan,1.0
2025-10-17,kampasremdepan,1.0
2025-10-18,kampasremdepan,1.0
2025-10-19,kampasremdepan,0.0
2025-10-20,kampasremdepan,1.0
2025-10-21,kampasremdepan,1.0
2025-10-22,kampasremdepan,0.0
2025-10-23,kampasremdepan,1.0
2025-10-24,kampasremdepan,1.0
2025-10-25,kampasremdepan,1.0
2025-10-26,kampasremdepan,0.0
2025-10-27,kampasremdepan,1.0
2025-10-28,kampasremdepan,1.0
2025-10-29,kampasremdepan,1.0
2025-10-30,kampasremdepan,1.0
2025-10-31,kampasremdepan,1.0
2025-01-01,lampubelakang,0.0
2025-01-02,lampubelakang,1.0
2025-01-03,lampubelakang,1.0
2025-01-04,lampubelakang,1.0
2025-01-05,lampubelakang,0.0
2025-01-06,lampubelakang,1.0
2025-01-07,lampubelakang,1.0
2025-01-08,lampubelakang,0.0
2025-01-09,lampubelakang,1.0
2025-01-10,lampubelakang,1.0
2025-01-11,lampubelakang,1.0
2025-01-12,lampubelakang,0.0
2025-01-13,lampubelakang,1.0
2025-01-14,lampubelakang,1.0
2025-01-15,lampubelakang,1.0
2025-01-16,lampubelakang,1.0
2025-01-17,lampubelakang,1.0
2025-01-18,lampubelakang,1.0
2025-01-19,lampubelakang,0.0
2025-01-20,lampubelakang,1.0
2025-01-21,lampubelakang,1.0
2025-01-22,lampubelakang,1.0
2025-01-23,lampubelakang,1.0
2025-01-24,lampubelakang,1.0
2025-01-25,lampubelakang,1.0
2025-01-26,lampubelakang,0.0
2025-01-27,lampubelakang,0.0
2025-01-28,lampubelakang,0.0
2025-01-29,lampubelakang,0.0
2025-01-30,lampubelakang,1.0
2025-01-31,lampubelakang,1.0
2025-02-01,lampubelakang,1.0
2025-02-02,lampubelakang,0.0
2025-02-03,lampubelakang,1.0
2025-02-04,lampubelakang,1.0
2025-02-05,lampubelakang,1.0
2025-02-06,lampubelakang,1.0
2025-02-07,lampubelakang,1.0
2025-02-08,lampubelakang,1.0
2025-02-09,lampubelakang,0.0
2025-02-10,lampubelakang,1.0
2025-02-11,lampubelakang,1.0
2025-02-12,lampubelakang,1.0
2025-02-13,lampubelakang,1.0
2025-02-14,lampubelakang,1.0
2025-02-15,lampubelakang,1.0
2025-02-16,lampubelakang,0.0
2025-02-17,lampubelakang,1.0
2025-02-18,lampubelakang,1.0
2025-02-19,lampubelakang,1.0
2025-02-20,lampubelakang,1.0
2025-02-21,lampubelakang,1.0
2025-02-22,lampubelakang,1.0
2025-02-23,lampubelakang,0.0
2025-02-24,lampubelakang,1.0
2025-02-25,lampubelakang,1.0
2025-02-26,lampubelakang,1.0
2025-02-27,lampubelakang,1.0
2025-02-28,lampubelakang,1.0
2025-03-01,lampubelakang,1.0
2025-03-02,lampubelakang,0.0
2025-03-03,lampubelakang,1.0
2025-03-04,lampubelakang,0.0
2025-03-05,lampubelakang,0.0
2025-03-06,lampubelakang,1.0
2025-03-07,lampubelakang,1.0
2025-03-08,lampubelakang,1.0
2025-03-09,lampubelakang,0.0
2025-03-10,lampubelakang,1.0
2025-03-11,lampubelakang,1.0
2025-03-12,lampubelakang,1.0
2025-03-13,lampubelakang,1.0
2025-03-14,lampubelakang,1.0
2025-03-15,lampubelakang,1.0
2025-03-16,lampubelakang,0.0
2025-03-17,lampubelakang,1.0
2025-03-18,lampubelakang,0.0
2025-03-19,lampubelakang,0.0
2025-03-20,lampubelakang,1.0
2025-03-21,lampubelakang,1.0
2025-03-22,lampubelakang,1.0
2025-03-23,lampubelakang,0.0
2025-03-24,lampubelakang,1.0
2025-03-25,lampubelakang,0.0
2025-03-26,lampubelakang,1.0
2025-03-27,lampubelakang,1.0
2025-03-28,lampubelakang,1.0
2025-03-29,lampubelakang,0.0
2025-03-30,lampubelakang,0.0
2025-03-31,lampubelakang,0.0
2025-04-01,lampubelakang,0.0
2025-04-02,lampubelakang,0.0
2025-04-03,lampubelakang,1.0
2025-04-04,lampubelakang,1.0
2025-04-05,lampubelakang,1.0
2025-04-06,lampubelakang,0.0
2025-04-07,lampubelakang,1.0
2025-04-08,lampubelakang,1.0
2025-04-09,lampubelakang,1.0
2025-04-10,lampubelakang,1.0
2025-04-11,lampubelakang,1.0
2025-04-12,lampubelakang,1.0
2025-04-13,lampubelakang,0.0
2025-04-14,lampubelakang,1.0
2025-04-15,lampubelakang,1.0
2025-04-16,lampubelakang,1.0
2025-04-17,lampubelakang,0.0
2025-04-18,lampubelakang,0.0
2025-04-19,lampubelakang,1.0
2025-04-20,lampubelakang,0.0
2025-04-21,lampubelakang,1.0
2025-04-22,lampubelakang,1.0
2025-04-23,lampubelakang,1.0
2025-04-24,lampubelakang,1.0
2025-04-25,lampubelakang,1.0
2025-04-26,lampubelakang,1.0
2025-04-27,lampubelakang,0.0
2025-04-28,lampubelakang,1.0
2025-04-29,lampubelakang,0.0
2025-04-30,lampubelakang,0.0
2025-05-01,lampubelakang,0.0
2025-05-02,lampubelakang,0.0
2025-05-03,lampubelakang,0.0
2025-05-04,lampubelakang,0.0
2025-05-05,lampubelakang,1.0
2025-05-06,lampubelakang,0.0
2025-05-07,lampubelakang,1.0
2025-05-08,lampubelakang,1.0
2025-05-09,lampubelakang,1.0
2025-05-10,lampubelakang,1.0
2025-05-11,lampubelakang,0.0
2025-05-12,lampubelakang,0.0
2025-05-13,lampubelakang,0.0
2025-05-14,lampubelakang,1.0
2025-05-15,lampubelakang,1.0
2025-05-16,lampubelakang,1.0
2025-05-17,lampubelakang,1.0
2025-05-18,lampubelakang,0.0
2025-05-19,lampubelakang,1.0
2025-05-20,lampubelakang,1.0
2025-05-21,lampubelakang,0.0
2025-05-22,lampubelakang,1.0
2025-05-23,lampubelakang,1.0
2025-05-24,lampubelakang,1.0
2025-05-25,lampubelakang,0.0
2025-05-26,lampubelakang,0.0
2025-05-27,lampubelakang,0.0
2025-05-28,lampubelakang,1.0
2025-05-29,lampubelakang,0.0
2025-05-30,lampubelakang,0.0
2025-05-31,lampubelakang,1.0
2025-06-01,lampubelakang,0.0
2025-06-02,lampubelakang,0.0
2025-06-03,lampubelakang,0.0
2025-06-04,lampubelakang,1.0
2025-06-05,lampubelakang,1.0
2025-06-06,lampubelakang,0.0
2025-06-07,lampubelakang,1.0
2025-06-08,lampubelakang,0.0
2025-06-09,lampubelakang,0.0
2025-06-10,lampubelakang,1.0
2025-06-11,lampubelakang,1.0
2025-06-12,lampubelakang,1.0
2025-06-13,lampubelakang,1.0
2025-06-14,lampubelakang,1.0
2025-06-15,lampubelakang,0.0
2025-06-16,lampubelakang,1.0
2025-06-17,lampubelakang,1.0
2025-06-18,lampubelakang,1.0
2025-06-19,lampubelakang,1.0
2025-06-20,lampubelakang,1.0
2025-06-21,lampubelakang,1.0
2025-06-22,lampubelakang,0.0
2025-06-23,lampubelakang,1.0
2025-06-24,lampubelakang,1.0
2025-06-25,lampubelakang,0.0
2025-06-26,lampubelakang,1.0
2025-06-27,lampubelakang,0.0
2025-06-28,lampubelakang,1.0
2025-06-29,lampubelakang,0.0
2025-06-30,lampubelakang,1.0
2025-07-01,lampubelakang,1.0
2025-07-02,lampubelakang,1.0
2025-07-03,lampubelakang,1.0
2025-07-04,lampubelakang,1.0
2025-07-05,lampubelakang,1.0
2025-07-06,lampubelakang,0.0
2025-07-07,lampubelakang,1.0
2025-07-08,lampubelakang,0.0
2025-07-09,lampubelakang,0.0
2025-07-10,lampubelakang,1.0
2025-07-11,lampubelakang,1.0
2025-07-12,lampubelakang,1.0
2025-07-13,lampubelakang,0.0
2025-07-14,lampubelakang,1.0
2025-07-15,lampubelakang,1.0
2025-07-16,lampubelakang,0.0
2025-07-17,lampubelakang,1.0
2025-07-18,lampubelakang,1.0
2025-07-19,lampubelakang,1.0
2025-07-20,lampubelakang,0.0
2025-07-21,lampubelakang,0.0
2025-07-22,lampubelakang,1.0
2025-07-23,lampubelakang,0.0
2025-07-24,lampubelakang,1.0
2025-07-25,lampubelakang,1.0
2025-07-26,lampubelakang,1.0
2025-07-27,lampubelakang,0.0
2025-07-28,lampubelakang,1.0
2025-07-29,lampubelakang,1.0
2025-07-30,lampubelakang,1.0
2025-07-31,lampubelakang,1.0
2025-08-01,lampubelakang,1.0
2025-08-02,lampubelakang,1.0
2025-08-03,lampubelakang,0.0
2025-08-04,lampubelakang,0.0
2025-08-05,lampubelakang,1.0
2025-08-06,lampubelakang,1.0
2025-08-07,lampubelakang,1.0
2025-08-08,lampubelakang,1.0
2025-08-09,lampubelakang,1.0
2025-08-10,lampubelakang,0.0
2025-08-11,lampubelakang,1.0
2025-08-12,lampubelakang,0.0
2025-08-13,lampubelakang,1.0
2025-08-14,lampubelakang,1.0
2025-08-15,lampubelakang,1.0
2025-08-16,lampubelakang,1.0
2025-08-17,lampubelakang,0.0
2025-08-18,lampubelakang,0.0
2025-08-19,lampubelakang,1.0
2025-08-20,lampubelakang,1.0
2025-08-21,lampubelakang,1.0
2025-08-22,lampubelakang,1.0
2025-08-23,lampubelakang,1.0
2025-08-24,lampubelakang,0.0
2025-08-25,lampubelakang,0.0
2025-08-26,lampubelakang,1.0
2025-08-27,lampubelakang,1.0
2025-08-28,lampubelakang,1.0
2025-08-29,lampubelakang,1.0
2025-08-30,lampubelakang,1.0
2025-08-31,lampubelakang,0.0
2025-09-01,lampubelakang,1.0
2025-09-02,lampubelakang,1.0
2025-09-03,lampubelakang,1.0
2025-09-04,lampubelakang,1.0
2025-09-05,lampubelakang,0.0
2025-09-06,lampubelakang,1.0
2025-09-07,lampubelakang,0.0
2025-09-08,lampubelakang,1.0
2025-09-09,lampubelakang,1.0
2025-09-10,lampubelakang,0.0
2025-09-11,lampubelakang,1.0
2025-09-12,lampubelakang,1.0
2025-09-13,lampubelakang,1.0
2025-09-14,lampubelakang,0.0
2025-09-15,lampubelakang,1.0
2025-09-16,lampubelakang,0.0
2025-09-17,lampubelakang,1.0
2025-09-18,lampubelakang,1.0
2025-09-19,lampubelakang,1.0
2025-09-20,lampubelakang,1.0
2025-09-21,lampubelakang,0.0
2025-09-22,lampubelakang,1.0
2025-09-23,lampubelakang,1.0
2025-09-24,lampubelakang,1.0
2025-09-25,lampubelakang,1.0
2025-09-26,lampubelakang,1.0
2025-09-27,lampubelakang,1.0
2025-09-28,lampubelakang,0.0
2025-09-29,lampubelakang,1.0
2025-09-30,lampubelakang,1.0
2025-10-01,lampubelakang,0.0
2025-10-02,lampubelakang,1.0
2025-10-03,lampubelakang,1.0
2025-10-04,lampubelakang,1.0
2025-10-05,lampubelakang,0.0
2025-10-06,lampubelakang,1.0
2025-10-07,lampubelakang,1.0
2025-10-08,lampubelakang,0.0
2025-10-09,lampubelakang,1.0
2025-10-10,lampubelakang,1.0
2025-10-11,lampubelakang,1.0
2025-10-12,lampubelakang,0.0
2025-10-13,lampubelakang,0.0
2025-10-14,lampubelakang,1.0
2025-10-15,lampubelakang,1.0
2025-10-16,lampubelakang,1.0
2025-10-17,lampubelakang,1.0
2025-10-18,lampubelakang,1.0
2025-10-19,lampubelakang,0.0
2025-10-20,lampubelakang,1.0
2025-10-21,lampubelakang,1.0
2025-10-22,lampubelakang,1.0
2025-10-23,lampubelakang,1.0
2025-10-24,lampubelakang,1.0
2025-10-25,lampubelakang,1.0
2025-10-26,lampubelakang,0.0
2025-10-27,lampubelakang,1.0
2025-10-28,lampubelakang,0.0
2025-10-29,lampubelakang,1.0
2025-10-30,lampubelakang,1.0
2025-10-31,lampubelakang,1.0
2025-01-01,lampudepan,0.0
2025-01-02,lampudepan,1.0
2025-01-03,lampudepan,1.0
2025-01-04,lampudepan,1.0
2025-01-05,lampudepan,0.0
2025-01-06,lampudepan,1.0
2025-01-07,lampudepan,1.0
2025-01-08,lampudepan,1.0
2025-01-09,lampudepan,1.0
2025-01-10,lampudepan,1.0
2025-01-11,lampudepan,1.0
2025-01-12,lampudepan,0.0
2025-01-13,lampudepan,1.0
2025-01-14,lampudepan,1.0
2025-01-15,lampudepan,1.0
2025-01-16,lampudepan,1.0
2025-01-17,lampudepan,1.0
2025-01-18,lampudepan,1.0
2025-01-19,lampudepan,0.0
2025-01-20,lampudepan,1.0
2025-01-21,lampudepan,1.0
2025-01-22,lampudepan,1.0
2025-01-23,lampudepan,1.0
2025-01-24,lampudepan,1.0
2025-01-25,lampudepan,1.0
2025-01-26,lampudepan,0.0
2025-01-27,lampudepan,0.0
2025-01-28,lampudepan,0.0
2025-01-29,lampudepan,0.0
2025-01-30,lampudepan,1.0
2025-01-31,lampudepan,1.0
2025-02-01,lampudepan,1.0
2025-02-02,lampudepan,0.0
2025-02-03,lampudepan,1.0
2025-02-04,lampudepan,0.0
2025-02-05,lampudepan,1.0
2025-02-06,lampudepan,1.0
2025-02-07,lampudepan,1.0
2025-02-08,lampudepan,1.0
2025-02-09,lampudepan,0.0
2025-02-10,lampudepan,1.0
2025-02-11,lampudepan,1.0
2025-02-12,lampudepan,1.0
2025-02-13,lampudepan,1.0
2025-02-14,lampudepan,1.0
2025-02-15,lampudepan,1.0
2025-02-16,lampudepan,0.0
2025-02-17,lampudepan,1.0
2025-02-18,lampudepan,1.0
2025-02-19,lampudepan,1.0
2025-02-20,lampudepan,1.0
2025-02-21,lampudepan,1.0
2025-02-22,lampudepan,1.0
2025-02-23,lampudepan,0.0
2025-02-24,lampudepan,1.0
2025-02-25,lampudepan,1.0
2025-02-26,lampudepan,1.0
2025-02-27,lampudepan,1.0
2025-02-28,lampudepan,1.0
2025-03-01,lampudepan,1.0
2025-03-02,lampudepan,0.0
2025-03-03,lampudepan,1.0
2025-03-04,lampudepan,1.0
2025-03-05,lampudepan,1.0
2025-03-06,lampudepan,1.0
2025-03-07,lampudepan,1.0
2025-03-08,lampudepan,1.0
2025-03-09,lampudepan,0.0
2025-03-10,lampudepan,1.0
2025-03-11,lampudepan,1.0
2025-03-12,lampudepan,1.0
2025-03-13,lampudepan,1.0
2025-03-14,lampudepan,1.0
2025-03-15,lampudepan,1.0
2025-03-16,lampudepan,0.0
2025-03-17,lampudepan,1.0
2025-03-18,lampudepan,1.0
2025-03-19,lampudepan,1.0
2025-03-20,lampudepan,1.0
2025-03-21,lampudepan,1.0
2025-03-22,lampudepan,1.0
2025-03-23,lampudepan,0.0
2025-03-24,lampudepan,1.0
2025-03-25,lampudepan,1.0
2025-03-26,lampudepan,1.0
2025-03-27,lampudepan,1.0
2025-03-28,lampudepan,1.0
2025-03-29,lampudepan,0.0
2025-03-30,lampudepan,0.0
2025-03-31,lampudepan,0.0
2025-04-01,lampudepan,0.0
2025-04-02,lampudepan,1.0
2025-04-03,lampudepan,1.0
2025-04-04,lampudepan,1.0
2025-04-05,lampudepan,1.0
2025-04-06,lampudepan,0.0
2025-04-07,lampudepan,1.0
2025-04-08,lampudepan,1.0
2025-04-09,lampudepan,1.0
2025-04-10,lampudepan,1.0
2025-04-11,lampudepan,1.0
2025-04-12,lampudepan,1.0
2025-04-13,lampudepan,0.0
2025-04-14,lampudepan,1.0
2025-04-15,lampudepan,1.0
2025-04-16,lampudepan,1.0
2025-04-17,lampudepan,0.0
2025-04-18,lampudepan,0.0
2025-04-19,lampudepan,1.0
2025-04-20,lampudepan,0.0
2025-04-21,lampudepan,0.0
2025-04-22,lampudepan,1.0
2025-04-23,lampudepan,1.0
2025-04-24,lampudepan,1.0
2025-04-25,lampudepan,1.0
2025-04-26,lampudepan,1.0
2025-04-27,lampudepan,0.0
2025-04-28,lampudepan,1.0
2025-04-29,lampudepan,0.0
2025-04-30,lampudepan,0.0
2025-05-01,lampudepan,0.0
2025-05-02,lampudepan,0.0
2025-05-03,lampudepan,0.0
2025-05-04,lampudepan,0.0
2025-05-05,lampudepan,1.0
2025-05-06,lampudepan,1.0
2025-05-07,lampudepan,1.0
2025-05-08,lampudepan,1.0
2025-05-09,lampudepan,1.0
2025-05-10,lampudepan,1.0
2025-05-11,lampudepan,0.0
2025-05-12,lampudepan,0.0
2025-05-13,lampudepan,0.0
2025-05-14,lampudepan,1.0
2025-05-15,lampudepan,1.0
2025-05-16,lampudepan,1.0
2025-05-17,lampudepan,1.0
2025-05-18,lampudepan,0.0
2025-05-19,lampudepan,1.0
2025-05-20,lampudepan,1.0
2025-05-21,lampudepan,1.0
2025-05-22,lampudepan,1.0
2025-05-23,lampudepan,1.0
2025-05-24,lampudepan,1.0
2025-05-25,lampudepan,0.0
2025-05-26,lampudepan,1.0
2025-05-27,lampudepan,1.0
2025-05-28,lampudepan,1.0
2025-05-29,lampudepan,0.0
2025-05-30,lampudepan,0.0
2025-05-31,lampudepan,1.0
2025-06-01,lampudepan,0.0
2025-06-02,lampudepan,1.0
2025-06-03,lampudepan,1.0
2025-06-04,lampudepan,1.0
2025-06-05,lampudepan,1.0
2025-06-06,lampudepan,0.0
2025-06-07,lampudepan,1.0
2025-06-08,lampudepan,0.0
2025-06-09,lampudepan,0.0
2025-06-10,lampudepan,1.0
2025-06-11,lampudepan,1.0
2025-06-12,lampudepan,1.0
2025-06-13,lampudepan,1.0
2025-06-14,lampudepan,1.0
2025-06-15,lampudepan,0.0
2025-06-16,lampudepan,1.0
2025-06-17,lampudepan,1.0
2025-06-18,lampudepan,1.0
2025-06-19,lampudepan,1.0
2025-06-20,lampudepan,1.0
2025-06-21,lampudepan,1.0
2025-06-22,lampudepan,0.0
2025-06-23,lampudepan,1.0
2025-06-24,lampudepan,1.0
2025-06-25,lampudepan,1.0
2025-06-26,lampudepan,1.0
2025-06-27,lampudepan,0.0
2025-06-28,lampudepan,1.0
2025-06-29,lampudepan,0.0
2025-06-30,lampudepan,0.0
2025-07-01,lampudepan,1.0
2025-07-02,lampudepan,1.0
2025-07-03,lampudepan,1.0
2025-07-04,lampudepan,1.0
2025-07-05,lampudepan,1.0
2025-07-06,lampudepan,0.0
2025-07-07,lampudepan,1.0
2025-07-08,lampudepan,1.0
2025-07-09,lampudepan,1.0
2025-07-10,lampudepan,1.0
2025-07-11,lampudepan,1.0
2025-07-12,lampudepan,1.0
2025-07-13,lampudepan,0.0
2025-07-14,lampudepan,1.0
2025-07-15,lampudepan,1.0
2025-07-16,lampudepan,1.0
2025-07-17,lampudepan,1.0
2025-07-18,lampudepan,1.0
2025-07-19,lampudepan,1.0
2025-07-20,lampudepan,0.0
2025-07-21,lampudepan,1.0
2025-07-22,lampudepan,1.0
2025-07-23,lampudepan,1.0
2025-07-24,lampudepan,1.0
2025-07-25,lampudepan,1.0
2025-07-26,lampudepan,1.0
2025-07-27,lampudepan,0.0
2025-07-28,lampudepan,1.0
2025-07-29,lampudepan,1.0
2025-07-30,lampudepan,1.0
2025-07-31,lampudepan,1.0
2025-08-01,lampudepan,1.0
2025-08-02,lampudepan,1.0
2025-08-03,lampudepan,0.0
2025-08-04,lampudepan,1.0
2025-08-05,lampudepan,1.0
2025-08-06,lampudepan,1.0
2025-08-07,lampudepan,1.0
2025-08-08,lampudepan,1.0
2025-08-09,lampudepan,1.0
2025-08-10,lampudepan,0.0
2025-08-11,lampudepan,1.0
2025-08-12,lampudepan,1.0
2025-08-13,lampudepan,1.0
2025-08-14,lampudepan,1.0
2025-08-15,lampudepan,1.0
2025-08-16,lampudepan,1.0
2025-08-17,lampudepan,0.0
2025-08-18,lampudepan,0.0
2025-08-19,lampudepan,1.0
2025-08-20,lampudepan,1.0
2025-08-21,lampudepan,1.0
2025-08-22,lampudepan,1.0
2025-08-23,lampudepan,1.0
2025-08-24,lampudepan,0.0
2025-08-25,lampudepan,1.0
2025-08-26,lampudepan,1.0
2025-08-27,lampudepan,1.0
2025-08-28,lampudepan,1.0
2025-08-29,lampudepan,1.0
2025-08-30,lampudepan,1.0
2025-08-31,lampudepan,0.0
2025-09-01,lampudepan,1.0
2025-09-02,lampudepan,1.0
2025-09-03,lampudepan,1.0
2025-09-04,lampudepan,1.0
2025-09-05,lampudepan,0.0
2025-09-06,lampudepan,1.0
2025-09-07,lampudepan,0.0
2025-09-08,lampudepan,0.0
2025-09-09,lampudepan,1.0
2025-09-10,lampudepan,1.0
2025-09-11,lampudepan,1.0
2025-09-12,lampudepan,1.0
2025-09-13,lampudepan,1.0
2025-09-14,lampudepan,0.0
2025-09-15,lampudepan,1.0
2025-09-16,lampudepan,1.0
2025-09-17,lampudepan,1.0
2025-09-18,lampudepan,1.0
2025-09-19,lampudepan,1.0
2025-09-20,lampudepan,1.0
2025-09-21,lampudepan,0.0
2025-09-22,lampudepan,1.0
2025-09-23,lampudepan,1.0
2025-09-24,lampudepan,1.0
2025-09-25,lampudepan,1.0
2025-09-26,lampudepan,1.0
2025-09-27,lampudepan,1.0
2025-09-28,lampudepan,0.0
2025-09-29,lampudepan,1.0
2025-09-30,lampudepan,1.0
2025-10-01,lampudepan,1.0
2025-10-02,lampudepan,1.0
2025-10-03,lampudepan,1.0
2025-10-04,lampudepan,1.0
2025-10-05,lampudepan,0.0
2025-10-06,lampudepan,1.0
2025-10-07,lampudepan,1.0
2025-10-08,lampudepan,1.0
2025-10-09,lampudepan,1.0
2025-10-10,lampudepan,1.0
2025-10-11,lampudepan,1.0
2025-10-12,lampudepan,0.0
2025-10-13,lampudepan,1.0
2025-10-14,lampudepan,1.0
2025-10-15,lampudepan,1.0
2025-10-16,lampudepan,1.0
2025-10-17,lampudepan,1.0
2025-10-18,lampudepan,1.0
2025-10-19,lampudepan,0.0
2025-10-20,lampudepan,1.0
2025-10-21,lampudepan,1.0
2025-10-22,lampudepan,1.0
2025-10-23,lampudepan,1.0
2025-10-24,lampudepan,1.0
2025-10-25,lampudepan,1.0
2025-10-26,lampudepan,0.0
2025-10-27,lampudepan,1.0
2025-10-28,lampudepan,1.0
2025-10-29,lampudepan,1.0
2025-10-30,lampudepan,1.0
2025-10-31,lampudepan,1.0
2025-01-01,oliahmmpx2,0.0
2025-01-02,oliahmmpx2,3.0
2025-01-03,oliahmmpx2,3.0
2025-01-04,oliahmmpx2,3.0
2025-01-05,oliahmmpx2,0.0
2025-01-06,oliahmmpx2,3.0
2025-01-07,oliahmmpx2,3.0
2025-01-08,oliahmmpx2,3.0
2025-01-09,oliahmmpx2,3.0
2025-01-10,oliahmmpx2,3.0
2025-01-11,oliahmmpx2,3.0
2025-01-12,oliahmmpx2,0.0
2025-01-13,oliahmmpx2,3.0
2025-01-14,oliahmmpx2,3.0
2025-01-15,oliahmmpx2,1.0
2025-01-16,oliahmmpx2,2.0
2025-01-17,oliahmmpx2,3.0
2025-01-18,oliahmmpx2,3.0
2025-01-19,oliahmmpx2,0.0
2025-01-20,oliahmmpx2,3.0
2025-01-21,oliahmmpx2,2.0
2025-01-22,oliahmmpx2,1.0
2025-01-23,oliahmmpx2,2.0
2025-01-24,oliahmmpx2,3.0
2025-01-25,oliahmmpx2,3.0
2025-01-26,oliahmmpx2,0.0
2025-01-27,oliahmmpx2,0.0
2025-01-28,oliahmmpx2,0.0
2025-01-29,oliahmmpx2,0.0
2025-01-30,oliahmmpx2,3.0
2025-01-31,oliahmmpx2,3.0
2025-02-01,oliahmmpx2,3.0
2025-02-02,oliahmmpx2,0.0
2025-02-03,oliahmmpx2,1.0
2025-02-04,oliahmmpx2,3.0
2025-02-05,oliahmmpx2,3.0
2025-02-06,oliahmmpx2,3.0
2025-02-07,oliahmmpx2,3.0
2025-02-08,oliahmmpx2,3.0
2025-02-09,oliahmmpx2,0.0
2025-02-10,oliahmmpx2,3.0
2025-02-11,oliahmmpx2,2.0
2025-02-12,oliahmmpx2,3.0
2025-02-13,oliahmmpx2,3.0
2025-02-14,oliahmmpx2,3.0
2025-02-15,oliahmmpx2,3.0
2025-02-16,oliahmmpx2,0.0
2025-02-17,oliahmmpx2,1.0
2025-02-18,oliahmmpx2,1.0
2025-02-19,oliahmmpx2,3.0
2025-02-20,oliahmmpx2,3.0
2025-02-21,oliahmmpx2,3.0
2025-02-22,oliahmmpx2,3.0
2025-02-23,oliahmmpx2,0.0
2025-02-24,oliahmmpx2,3.0
2025-02-25,oliahmmpx2,1.0
2025-02-26,oliahmmpx2,1.0
2025-02-27,oliahmmpx2,3.0
2025-02-28,oliahmmpx2,3.0
2025-03-01,oliahmmpx2,3.0
2025-03-02,oliahmmpx2,0.0
2025-03-03,oliahmmpx2,3.0
2025-03-04,oliahmmpx2,1.0
2025-03-05,oliahmmpx2,3.0
2025-03-06,oliahmmpx2,3.0
2025-03-07,oliahmmpx2,3.0
2025-03-08,oliahmmpx2,3.0
2025-03-09,oliahmmpx2,0.0
2025-03-10,oliahmmpx2,1.0
2025-03-11,oliahmmpx2,1.0
2025-03-12,oliahmmpx2,1.0
2025-03-13,oliahmmpx2,3.0
2025-03-14,oliahmmpx2,3.0
2025-03-15,oliahmmpx2,3.0
2025-03-16,oliahmmpx2,0.0
2025-03-17,oliahmmpx2,3.0
2025-03-18,oliahmmpx2,3.0
2025-03-19,oliahmmpx2,1.0
2025-03-20,oliahmmpx2,3.0
2025-03-21,oliahmmpx2,3.0
2025-03-22,oliahmmpx2,3.0
2025-03-23,oliahmmpx2,0.0
2025-03-24,oliahmmpx2,3.0
2025-03-25,oliahmmpx2,2.0
2025-03-26,oliahmmpx2,2.0
2025-03-27,oliahmmpx2,3.0
2025-03-28,oliahmmpx2,3.0
2025-03-29,oliahmmpx2,0.0
2025-03-30,oliahmmpx2,0.0
2025-03-31,oliahmmpx2,0.0
2025-04-01,oliahmmpx2,0.0
2025-04-02,oliahmmpx2,3.0
2025-04-03,oliahmmpx2,3.0
2025-04-04,oliahmmpx2,3.0
2025-04-05,oliahmmpx2,3.0
2025-04-06,oliahmmpx2,0.0
2025-04-07,oliahmmpx2,3.0
2025-04-08,oliahmmpx2,2.0
2025-04-09,oliahmmpx2,1.0
2025-04-10,oliahmmpx2,3.0
2025-04-11,oliahmmpx2,3.0
2025-04-12,oliahmmpx2,3.0
2025-04-13,oliahmmpx2,0.0
2025-04-14,oliahmmpx2,3.0
2025-04-15,oliahmmpx2,2.0
2025-04-16,oliahmmpx2,2.0
2025-04-17,oliahmmpx2,0.0
2025-04-18,oliahmmpx2,0.0
2025-04-19,oliahmmpx2,3.0
2025-04-20,oliahmmpx2,0.0
2025-04-21,oliahmmpx2,1.0
2025-04-22,oliahmmpx2,3.0
2025-04-23,oliahmmpx2,3.0
2025-04-24,oliahmmpx2,3.0
2025-04-25,oliahmmpx2,3.0
2025-04-26,oliahmmpx2,3.0
2025-04-27,oliahmmpx2,0.0
2025-04-28,oliahmmpx2,1.0
2025-04-29,oliahmmpx2,0.0
2025-04-30,oliahmmpx2,0.0
2025-05-01,oliahmmpx2,0.0
2025-05-02,oliahmmpx2,0.0
2025-05-03,oliahmmpx2,0.0
2025-05-04,oliahmmpx2,0.0
2025-05-05,oliahmmpx2,3.0
2025-05-06,oliahmmpx2,3.0
2025-05-07,oliahmmpx2,3.0
2025-05-08,oliahmmpx2,3.0
2025-05-09,oliahmmpx2,3.0
2025-05-10,oliahmmpx2,3.0
2025-05-11,oliahmmpx2,0.0
2025-05-12,oliahmmpx2,0.0
2025-05-13,oliahmmpx2,0.0
2025-05-14,oliahmmpx2,3.0
2025-05-15,oliahmmpx2,3.0
2025-05-16,oliahmmpx2,3.0
2025-05-17,oliahmmpx2,3.0
2025-05-18,oliahmmpx2,0.0
2025-05-19,oliahmmpx2,3.0
2025-05-20,oliahmmpx2,3.0
2025-05-21,oliahmmpx2,3.0
2025-05-22,oliahmmpx2,3.0
2025-05-23,oliahmmpx2,3.0
2025-05-24,oliahmmpx2,3.0
2025-05-25,oliahmmpx2,0.0
2025-05-26,oliahmmpx2,1.0
2025-05-27,oliahmmpx2,3.0
2025-05-28,oliahmmpx2,3.0
2025-05-29,oliahmmpx2,0.0
2025-05-30,oliahmmpx2,0.0
2025-05-31,oliahmmpx2,3.0
2025-06-01,oliahmmpx2,0.0
2025-06-02,oliahmmpx2,3.0
2025-06-03,oliahmmpx2,3.0
2025-06-04,oliahmmpx2,3.0
2025-06-05,oliahmmpx2,3.0
2025-06-06,oliahmmpx2,0.0
2025-06-07,oliahmmpx2,3.0
2025-06-08,oliahmmpx2,0.0
2025-06-09,oliahmmpx2,0.0
2025-06-10,oliahmmpx2,3.0
2025-06-11,oliahmmpx2,3.0
2025-06-12,oliahmmpx2,3.0
2025-06-13,oliahmmpx2,3.0
2025-06-14,oliahmmpx2,3.0
2025-06-15,oliahmmpx2,0.0
2025-06-16,oliahmmpx2,1.0
2025-06-17,oliahmmpx2,3.0
2025-06-18,oliahmmpx2,3.0
2025-06-19,oliahmmpx2,3.0
2025-06-20,oliahmmpx2,3.0
2025-06-21,oliahmmpx2,3.0
2025-06-22,oliahmmpx2,0.0
2025-06-23,oliahmmpx2,3.0
2025-06-24,oliahmmpx2,3.0
2025-06-25,oliahmmpx2,3.0
2025-06-26,oliahmmpx2,2.0
2025-06-27,oliahmmpx2,0.0
2025-06-28,oliahmmpx2,3.0
2025-06-29,oliahmmpx2,0.0
2025-06-30,oliahmmpx2,3.0
2025-07-01,oliahmmpx2,3.0
2025-07-02,oliahmmpx2,3.0
2025-07-03,oliahmmpx2,3.0
2025-07-04,oliahmmpx2,3.0
2025-07-05,oliahmmpx2,3.0
2025-07-06,oliahmmpx2,0.0
2025-07-07,oliahmmpx2,1.0
2025-07-08,oliahmmpx2,3.0
2025-07-09,oliahmmpx2,1.0
2025-07-10,oliahmmpx2,3.0
2025-07-11,oliahmmpx2,3.0
2025-07-12,oliahmmpx2,3.0
2025-07-13,oliahmmpx2,0.0
2025-07-14,oliahmmpx2,1.0
2025-07-15,oliahmmpx2,1.0
2025-07-16,oliahmmpx2,1.0
2025-07-17,oliahmmpx2,2.0
2025-07-18,oliahmmpx2,3.0
2025-07-19,oliahmmpx2,3.0
2025-07-20,oliahmmpx2,0.0
2025-07-21,oliahmmpx2,3.0
2025-07-22,oliahmmpx2,3.0
2025-07-23,oliahmmpx2,3.0
2025-07-24,oliahmmpx2,3.0
2025-07-25,oliahmmpx2,3.0
2025-07-26,oliahmmpx2,3.0
2025-07-27,oliahmmpx2,0.0
2025-07-28,oliahmmpx2,3.0
2025-07-29,oliahmmpx2,1.0
2025-07-30,oliahmmpx2,3.0
2025-07-31,oliahmmpx2,2.0
2025-08-01,oliahmmpx2,3.0
2025-08-02,oliahmmpx2,3.0
2025-08-03,oliahmmpx2,0.0
2025-08-04,oliahmmpx2,0.0
2025-08-05,oliahmmpx2,0.0
2025-08-06,oliahmmpx2,3.0
2025-08-07,oliahmmpx2,3.0
2025-08-08,oliahmmpx2,3.0
2025-08-09,oliahmmpx2,3.0
2025-08-10,oliahmmpx2,0.0
2025-08-11,oliahmmpx2,3.0
2025-08-12,oliahmmpx2,3.0
2025-08-13,oliahmmpx2,2.0
2025-08-14,oliahmmpx2,3.0
2025-08-15,oliahmmpx2,3.0
2025-08-16,oliahmmpx2,3.0
2025-08-17,oliahmmpx2,0.0
2025-08-18,oliahmmpx2,0.0
2025-08-19,oliahmmpx2,3.0
2025-08-20,oliahmmpx2,1.0
2025-08-21,oliahmmpx2,3.0
2025-08-22,oliahmmpx2,3.0
2025-08-23,oliahmmpx2,3.0
2025-08-24,oliahmmpx2,0.0
2025-08-25,oliahmmpx2,1.0
2025-08-26,oliahmmpx2,3.0
2025-08-27,oliahmmpx2,3.0
2025-08-28,oliahmmpx2,3.0
2025-08-29,oliahmmpx2,3.0
2025-08-30,oliahmmpx2,3.0
2025-08-31,oliahmmpx2,0.0
2025-09-01,oliahmmpx2,3.0
2025-09-02,oliahmmpx2,1.0
2025-09-03,oliahmmpx2,3.0
2025-09-04,oliahmmpx2,3.0
2025-09-05,oliahmmpx2,0.0
2025-09-06,oliahmmpx2,3.0
2025-09-07,oliahmmpx2,0.0
2025-09-08,oliahmmpx2,1.0
2025-09-09,oliahmmpx2,2.0
2025-09-10,oliahmmpx2,3.0
2025-09-11,oliahmmpx2,3.0
2025-09-12,oliahmmpx2,3.0
2025-09-13,oliahmmpx2,3.0
2025-09-14,oliahmmpx2,0.0
2025-09-15,oliahmmpx2,3.0
2025-09-16,oliahmmpx2,3.0
2025-09-17,oliahmmpx2,3.0
2025-09-18,oliahmmpx2,3.0
2025-09-19,oliahmmpx2,3.0
2025-09-20,oliahmmpx2,3.0
2025-09-21,oliahmmpx2,0.0
2025-09-22,oliahmmpx2,2.0
2025-09-23,oliahmmpx2,3.0
2025-09-24,oliahmmpx2,3.0
2025-09-25,oliahmmpx2,3.0
2025-09-26,oliahmmpx2,3.0
2025-09-27,oliahmmpx2,3.0
2025-09-28,oliahmmpx2,0.0
2025-09-29,oliahmmpx2,3.0
2025-09-30,oliahmmpx2,3.0
2025-10-01,oliahmmpx2,1.0
2025-10-02,oliahmmpx2,3.0
2025-10-03,oliahmmpx2,3.0
2025-10-04,oliahmmpx2,3.0
2025-10-05,oliahmmpx2,0.0
2025-10-06,oliahmmpx2,1.0
2025-10-07,oliahmmpx2,1.0
2025-10-08,oliahmmpx2,1.0
2025-10-09,oliahmmpx2,3.0
2025-10-10,oliahmmpx2,3.0
2025-10-11,oliahmmpx2,3.0
2025-10-12,oliahmmpx2,0.0
2025-10-13,oliahmmpx2,1.0
2025-10-14,oliahmmpx2,3.0
2025-10-15,oliahmmpx2,3.0
2025-10-16,oliahmmpx2,3.0
2025-10-17,oliahmmpx2,3.0
2025-10-18,oliahmmpx2,3.0
2025-10-19,oliahmmpx2,0.0
2025-10-20,oliahmmpx2,3.0
2025-10-21,oliahmmpx2,3.0
2025-10-22,oliahmmpx2,3.0
2025-10-23,oliahmmpx2,3.0
2025-10-24,oliahmmpx2,3.0
2025-10-25,oliahmmpx2,3.0
2025-10-26,oliahmmpx2,0.0
2025-10-27,oliahmmpx2,3.0
2025-10-28,oliahmmpx2,1.0
2025-10-29,oliahmmpx2,3.0
2025-10-30,oliahmmpx2,3.0
2025-10-31,oliahmmpx2,3.0
2025-01-01,olifederal08l,0.0
2025-01-02,olifederal08l,3.0
2025-01-03,olifederal08l,3.0
2025-01-04,olifederal08l,3.0
2025-01-05,olifederal08l,0.0
2025-01-06,olifederal08l,1.0
2025-01-07,olifederal08l,1.0
2025-01-08,olifederal08l,1.0
2025-01-09,olifederal08l,3.0
2025-01-10,olifederal08l,3.0
2025-01-11,olifederal08l,3.0
2025-01-12,olifederal08l,0.0
2025-01-13,olifederal08l,2.0
2025-01-14,olifederal08l,3.0
2025-01-15,olifederal08l,3.0
2025-01-16,olifederal08l,3.0
2025-01-17,olifederal08l,3.0
2025-01-18,olifederal08l,3.0
2025-01-19,olifederal08l,0.0
2025-01-20,olifederal08l,1.0
2025-01-21,olifederal08l,3.0
2025-01-22,olifederal08l,3.0
2025-01-23,olifederal08l,3.0
2025-01-24,olifederal08l,3.0
2025-01-25,olifederal08l,3.0
2025-01-26,olifederal08l,0.0
2025-01-27,olifederal08l,0.0
2025-01-28,olifederal08l,0.0
2025-01-29,olifederal08l,0.0
2025-01-30,olifederal08l,3.0
2025-01-31,olifederal08l,3.0
2025-02-01,olifederal08l,3.0
2025-02-02,olifederal08l,0.0
2025-02-03,olifederal08l,3.0
2025-02-04,olifederal08l,1.0
2025-02-05,olifederal08l,1.0
2025-02-06,olifederal08l,3.0
2025-02-07,olifederal08l,3.0
2025-02-08,olifederal08l,3.0
2025-02-09,olifederal08l,0.0
2025-02-10,olifederal08l,3.0
2025-02-11,olifederal08l,1.0
2025-02-12,olifederal08l,3.0
2025-02-13,olifederal08l,3.0
2025-02-14,olifederal08l,3.0
2025-02-15,olifederal08l,3.0
2025-02-16,olifederal08l,0.0
2025-02-17,olifederal08l,3.0
2025-02-18,olifederal08l,1.0
2025-02-19,olifederal08l,1.0
2025-02-20,olifederal08l,3.0
2025-02-21,olifederal08l,3.0
2025-02-22,olifederal08l,3.0
2025-02-23,olifederal08l,0.0
2025-02-24,olifederal08l,1.0
2025-02-25,olifederal08l,3.0
2025-02-26,olifederal08l,3.0
2025-02-27,olifederal08l,3.0
2025-02-28,olifederal08l,3.0
2025-03-01,olifederal08l,3.0
2025-03-02,olifederal08l,0.0
2025-03-03,olifederal08l,1.0
2025-03-04,olifederal08l,3.0
2025-03-05,olifederal08l,2.0
2025-03-06,olifederal08l,3.0
2025-03-07,olifederal08l,3.0
2025-03-08,olifederal08l,3.0
2025-03-09,olifederal08l,0.0
2025-03-10,olifederal08l,3.0
2025-03-11,olifederal08l,2.0
2025-03-12,olifederal08l,3.0
2025-03-13,olifederal08l,3.0
2025-03-14,olifederal08l,3.0
2025-03-15,olifederal08l,2.0
2025-03-16,olifederal08l,0.0
2025-03-17,olifederal08l,1.0
2025-03-18,olifederal08l,1.0
2025-03-19,olifederal08l,1.0
2025-03-20,olifederal08l,3.0
2025-03-21,olifederal08l,3.0
2025-03-22,olifederal08l,3.0
2025-03-23,olifederal08l,0.0
2025-03-24,olifederal08l,3.0
2025-03-25,olifederal08l,3.0
2025-03-26,olifederal08l,3.0
2025-03-27,olifederal08l,3.0
2025-03-28,olifederal08l,3.0
2025-03-29,olifederal08l,0.0
2025-03-30,olifederal08l,0.0
2025-03-31,olifederal08l,0.0
2025-04-01,olifederal08l,0.0
2025-04-02,olifederal08l,1.0
2025-04-03,olifederal08l,3.0
2025-04-04,olifederal08l,3.0
2025-04-05,olifederal08l,3.0
2025-04-06,olifederal08l,0.0
2025-04-07,olifederal08l,3.0
2025-04-08,olifederal08l,3.0
2025-04-09,olifederal08l,1.0
2025-04-10,olifederal08l,3.0
2025-04-11,olifederal08l,3.0
2025-04-12,olifederal08l,3.0
2025-04-13,olifederal08l,0.0
2025-04-14,olifederal08l,3.0
2025-04-15,olifederal08l,3.0
2025-04-16,olifederal08l,3.0
2025-04-17,olifederal08l,0.0
2025-04-18,olifederal08l,0.0
2025-04-19,olifederal08l,3.0
2025-04-20,olifederal08l,0.0
2025-04-21,olifederal08l,2.0
2025-04-22,olifederal08l,3.0
2025-04-23,olifederal08l,3.0
2025-04-24,olifederal08l,3.0
2025-04-25,olifederal08l,3.0
2025-04-26,olifederal08l,3.0
2025-04-27,olifederal08l,0.0
2025-04-28,olifederal08l,1.0
2025-04-29,olifederal08l,0.0
2025-04-30,olifederal08l,0.0
2025-05-01,olifederal08l,0.0
2025-05-02,olifederal08l,0.0
2025-05-03,olifederal08l,0.0
2025-05-04,olifederal08l,0.0
2025-05-05,olifederal08l,1.0
2025-05-06,olifederal08l,3.0
2025-05-07,olifederal08l,1.0
2025-05-08,olifederal08l,3.0
2025-05-09,olifederal08l,3.0
2025-05-10,olifederal08l,3.0
2025-05-11,olifederal08l,0.0
2025-05-12,olifederal08l,0.0
2025-05-13,olifederal08l,0.0
2025-05-14,olifederal08l,3.0
2025-05-15,olifederal08l,3.0
2025-05-16,olifederal08l,3.0
2025-05-17,olifederal08l,3.0
2025-05-18,olifederal08l,0.0
2025-05-19,olifederal08l,3.0
2025-05-20,olifederal08l,1.0
2025-05-21,olifederal08l,3.0
2025-05-22,olifederal08l,3.0
2025-05-23,olifederal08l,3.0
2025-05-24,olifederal08l,3.0
2025-05-25,olifederal08l,0.0
2025-05-26,olifederal08l,1.0
2025-05-27,olifederal08l,3.0
2025-05-28,olifederal08l,2.0
2025-05-29,olifederal08l,0.0
2025-05-30,olifederal08l,0.0
2025-05-31,olifederal08l,3.0
2025-06-01,olifederal08l,0.0
2025-06-02,olifederal08l,3.0
2025-06-03,olifederal08l,1.0
2025-06-04,olifederal08l,1.0
2025-06-05,olifederal08l,3.0
2025-06-06,olifederal08l,0.0
2025-06-07,olifederal08l,3.0
2025-06-08,olifederal08l,0.0
2025-06-09,olifederal08l,0.0
2025-06-10,olifederal08l,3.0
2025-06-11,olifederal08l,3.0
2025-06-12,olifederal08l,3.0
2025-06-13,olifederal08l,3.0
2025-06-14,olifederal08l,3.0
2025-06-15,olifederal08l,0.0
2025-06-16,olifederal08l,3.0
2025-06-17,olifederal08l,3.0
2025-06-18,olifederal08l,2.0
2025-06-19,olifederal08l,3.0
2025-06-20,olifederal08l,3.0
2025-06-21,olifederal08l,3.0
2025-06-22,olifederal08l,0.0
2025-06-23,olifederal08l,3.0
2025-06-24,olifederal08l,3.0
2025-06-25,olifederal08l,1.0
2025-06-26,olifederal08l,2.0
2025-06-27,olifederal08l,0.0
2025-06-28,olifederal08l,3.0
2025-06-29,olifederal08l,0.0
2025-06-30,olifederal08l,3.0
2025-07-01,olifederal08l,1.0
2025-07-02,olifederal08l,3.0
2025-07-03,olifederal08l,3.0
2025-07-04,olifederal08l,3.0
2025-07-05,olifederal08l,3.0
2025-07-06,olifederal08l,0.0
2025-07-07,olifederal08l,1.0
2025-07-08,olifederal08l,1.0
2025-07-09,olifederal08l,3.0
2025-07-10,olifederal08l,3.0
2025-07-11,olifederal08l,3.0
2025-07-12,olifederal08l,3.0
2025-07-13,olifederal08l,0.0
2025-07-14,olifederal08l,1.0
2025-07-15,olifederal08l,1.0
2025-07-16,olifederal08l,3.0
2025-07-17,olifederal08l,3.0
2025-07-18,olifederal08l,3.0
2025-07-19,olifederal08l,3.0
2025-07-20,olifederal08l,0.0
2025-07-21,olifederal08l,3.0
2025-07-22,olifederal08l,1.0
2025-07-23,olifederal08l,3.0
2025-07-24,olifederal08l,3.0
2025-07-25,olifederal08l,3.0
2025-07-26,olifederal08l,3.0
2025-07-27,olifederal08l,0.0
2025-07-28,olifederal08l,3.0
2025-07-29,olifederal08l,1.0
2025-07-30,olifederal08l,3.0
2025-07-31,olifederal08l,3.0
2025-08-01,olifederal08l,3.0
2025-08-02,olifederal08l,3.0
2025-08-03,olifederal08l,0.0
2025-08-04,olifederal08l,0.0
2025-08-05,olifederal08l,1.0
2025-08-06,olifederal08l,3.0
2025-08-07,olifederal08l,3.0
2025-08-08,olifederal08l,3.0
2025-08-09,olifederal08l,3.0
2025-08-10,olifederal08l,0.0
2025-08-11,olifederal08l,3.0
2025-08-12,olifederal08l,1.0
2025-08-13,olifederal08l,1.0
2025-08-14,olifederal08l,3.0
2025-08-15,olifederal08l,3.0
2025-08-16,olifederal08l,3.0
2025-08-17,olifederal08l,0.0
2025-08-18,olifederal08l,0.0
2025-08-19,olifederal08l,1.0
2025-08-20,olifederal08l,1.0
2025-08-21,olifederal08l,3.0
2025-08-22,olifederal08l,3.0
2025-08-23,olifederal08l,3.0
2025-08-24,olifederal08l,0.0
2025-08-25,olifederal08l,1.0
2025-08-26,olifederal08l,1.0
2025-08-27,olifederal08l,3.0
2025-08-28,olifederal08l,3.0
2025-08-29,olifederal08l,2.0
2025-08-30,olifederal08l,3.0
2025-08-31,olifederal08l,0.0
2025-09-01,olifederal08l,1.0
2025-09-02,olifederal08l,3.0
2025-09-03,olifederal08l,3.0
2025-09-04,olifederal08l,2.0
2025-09-05,olifederal08l,0.0
2025-09-06,olifederal08l,3.0
2025-09-07,olifederal08l,0.0
2025-09-08,olifederal08l,3.0
2025-09-09,olifederal08l,3.0
2025-09-10,olifederal08l,1.0
2025-09-11,olifederal08l,3.0
2025-09-12,olifederal08l,3.0
2025-09-13,olifederal08l,3.0
2025-09-14,olifederal08l,0.0
2025-09-15,olifederal08l,3.0
2025-09-16,olifederal08l,3.0
2025-09-17,olifederal08l,3.0
2025-09-18,olifederal08l,3.0
2025-09-19,olifederal08l,3.0
2025-09-20,olifederal08l,3.0
2025-09-21,olifederal08l,0.0
2025-09-22,olifederal08l,1.0
2025-09-23,olifederal08l,1.0
2025-09-24,olifederal08l,3.0
2025-09-25,olifederal08l,3.0
2025-09-26,olifederal08l,3.0
2025-09-27,olifederal08l,3.0
2025-09-28,olifederal08l,0.0
2025-09-29,olifederal08l,0.0
2025-09-30,olifederal08l,3.0
2025-10-01,olifederal08l,3.0
2025-10-02,olifederal08l,3.0
2025-10-03,olifederal08l,3.0
2025-10-04,olifederal08l,3.0
2025-10-05,olifederal08l,0.0
2025-10-06,olifederal08l,1.0
2025-10-07,olifederal08l,1.0
2025-10-08,olifederal08l,1.0
2025-10-09,olifederal08l,1.0
2025-10-10,olifederal08l,3.0
2025-10-11,olifederal08l,3.0
2025-10-12,olifederal08l,0.0
2025-10-13,olifederal08l,0.0
2025-10-14,olifederal08l,2.0
2025-10-15,olifederal08l,3.0
2025-10-16,olifederal08l,1.0
2025-10-17,olifederal08l,3.0
2025-10-18,olifederal08l,3.0
2025-10-19,olifederal08l,0.0
2025-10-20,olifederal08l,2.0
2025-10-21,olifederal08l,1.0
2025-10-22,olifederal08l,3.0
2025-10-23,olifederal08l,3.0
2025-10-24,olifederal08l,3.0
2025-10-25,olifederal08l,3.0
2025-10-26,olifederal08l,0.0
2025-10-27,olifederal08l,3.0
2025-10-28,olifederal08l,3.0
2025-10-29,olifederal08l,3.0
2025-10-30,olifederal08l,3.0
2025-10-31,olifederal08l,2.0
2025-01-01,oliyamalube1l,0.0
2025-01-02,oliyamalube1l,3.0
2025-01-03,oliyamalube1l,3.0
2025-01-04,oliyamalube1l,3.0
2025-01-05,oliyamalube1l,0.0
2025-01-06,oliyamalube1l,1.0
2025-01-07,oliyamalube1l,1.0
2025-01-08,oliyamalube1l,2.0
2025-01-09,oliyamalube1l,1.0
2025-01-10,oliyamalube1l,3.0
2025-01-11,oliyamalube1l,3.0
2025-01-12,oliyamalube1l,0.0
2025-01-13,oliyamalube1l,1.0
2025-01-14,oliyamalube1l,3.0
2025-01-15,oliyamalube1l,1.0
2025-01-16,oliyamalube1l,3.0
2025-01-17,oliyamalube1l,1.0
2025-01-18,oliyamalube1l,3.0
2025-01-19,oliyamalube1l,0.0
2025-01-20,oliyamalube1l,3.0
2025-01-21,oliyamalube1l,3.0
2025-01-22,oliyamalube1l,1.0
2025-01-23,oliyamalube1l,2.0
2025-01-24,oliyamalube1l,3.0
2025-01-25,oliyamalube1l,3.0
2025-01-26,oliyamalube1l,0.0
2025-01-27,oliyamalube1l,0.0
2025-01-28,oliyamalube1l,0.0
2025-01-29,oliyamalube1l,0.0
2025-01-30,oliyamalube1l,1.0
2025-01-31,oliyamalube1l,3.0
2025-02-01,oliyamalube1l,3.0
2025-02-02,oliyamalube1l,0.0
2025-02-03,oliyamalube1l,1.0
2025-02-04,oliyamalube1l,3.0
2025-02-05,oliyamalube1l,1.0
2025-02-06,oliyamalube1l,3.0
2025-02-07,oliyamalube1l,3.0
2025-02-08,oliyamalube1l,3.0
2025-02-09,oliyamalube1l,0.0
2025-02-10,oliyamalube1l,1.0
2025-02-11,oliyamalube1l,3.0
2025-02-12,oliyamalube1l,1.0
2025-02-13,oliyamalube1l,3.0
2025-02-14,oliyamalube1l,3.0
2025-02-15,oliyamalube1l,3.0
2025-02-16,oliyamalube1l,0.0
2025-02-17,oliyamalube1l,1.0
2025-02-18,oliyamalube1l,3.0
2025-02-19,oliyamalube1l,1.0
2025-02-20,oliyamalube1l,2.0
2025-02-21,oliyamalube1l,3.0
2025-02-22,oliyamalube1l,3.0
2025-02-23,oliyamalube1l,0.0
2025-02-24,oliyamalube1l,3.0
2025-02-25,oliyamalube1l,1.0
2025-02-26,oliyamalube1l,1.0
2025-02-27,oliyamalube1l,3.0
2025-02-28,oliyamalube1l,3.0
2025-03-01,oliyamalube1l,3.0
2025-03-02,oliyamalube1l,0.0
2025-03-03,oliyamalube1l,1.0
2025-03-04,oliyamalube1l,2.0
2025-03-05,oliyamalube1l,1.0
2025-03-06,oliyamalube1l,3.0
2025-03-07,oliyamalube1l,3.0
2025-03-08,oliyamalube1l,3.0
2025-03-09,oliyamalube1l,0.0
2025-03-10,oliyamalube1l,3.0
2025-03-11,oliyamalube1l,1.0
2025-03-12,oliyamalube1l,3.0
2025-03-13,oliyamalube1l,2.0
2025-03-14,oliyamalube1l,3.0
2025-03-15,oliyamalube1l,1.0
2025-03-16,oliyamalube1l,0.0
2025-03-17,oliyamalube1l,0.0
2025-03-18,oliyamalube1l,3.0
2025-03-19,oliyamalube1l,1.0
2025-03-20,oliyamalube1l,2.0
2025-03-21,oliyamalube1l,3.0
2025-03-22,oliyamalube1l,3.0
2025-03-23,oliyamalube1l,0.0
2025-03-24,oliyamalube1l,0.0
2025-03-25,oliyamalube1l,0.0
2025-03-26,oliyamalube1l,1.0
2025-03-27,oliyamalube1l,3.0
2025-03-28,oliyamalube1l,3.0
2025-03-29,oliyamalube1l,0.0
2025-03-30,oliyamalube1l,0.0
2025-03-31,oliyamalube1l,0.0
2025-04-01,oliyamalube1l,0.0
2025-04-02,oliyamalube1l,1.0
2025-04-03,oliyamalube1l,3.0
2025-04-04,oliyamalube1l,3.0
2025-04-05,oliyamalube1l,3.0
2025-04-06,oliyamalube1l,0.0
2025-04-07,oliyamalube1l,1.0
2025-04-08,oliyamalube1l,1.0
2025-04-09,oliyamalube1l,1.0
2025-04-10,oliyamalube1l,3.0
2025-04-11,oliyamalube1l,3.0
2025-04-12,oliyamalube1l,3.0
2025-04-13,oliyamalube1l,0.0
2025-04-14,oliyamalube1l,3.0
2025-04-15,oliyamalube1l,3.0
2025-04-16,oliyamalube1l,1.0
2025-04-17,oliyamalube1l,0.0
2025-04-18,oliyamalube1l,0.0
2025-04-19,oliyamalube1l,2.0
2025-04-20,oliyamalube1l,0.0
2025-04-21,oliyamalube1l,3.0
2025-04-22,oliyamalube1l,1.0
2025-04-23,oliyamalube1l,3.0
2025-04-24,oliyamalube1l,3.0
2025-04-25,oliyamalube1l,3.0
2025-04-26,oliyamalube1l,3.0
2025-04-27,oliyamalube1l,0.0
2025-04-28,oliyamalube1l,0.0
2025-04-29,oliyamalube1l,0.0
2025-04-30,oliyamalube1l,0.0
2025-05-01,oliyamalube1l,0.0
2025-05-02,oliyamalube1l,0.0
2025-05-03,oliyamalube1l,0.0
2025-05-04,oliyamalube1l,0.0
2025-05-05,oliyamalube1l,3.0
2025-05-06,oliyamalube1l,1.0
2025-05-07,oliyamalube1l,3.0
2025-05-08,oliyamalube1l,3.0
2025-05-09,oliyamalube1l,2.0
2025-05-10,oliyamalube1l,3.0
2025-05-11,oliyamalube1l,0.0
2025-05-12,oliyamalube1l,0.0
2025-05-13,oliyamalube1l,0.0
2025-05-14,oliyamalube1l,0.0
2025-05-15,oliyamalube1l,3.0
2025-05-16,oliyamalube1l,3.0
2025-05-17,oliyamalube1l,3.0
2025-05-18,oliyamalube1l,0.0
2025-05-19,oliyamalube1l,1.0
2025-05-20,oliyamalube1l,1.0
2025-05-21,oliyamalube1l,3.0
2025-05-22,oliyamalube1l,2.0
2025-05-23,oliyamalube1l,2.0
2025-05-24,oliyamalube1l,3.0
2025-05-25,oliyamalube1l,0.0
2025-05-26,oliyamalube1l,3.0
2025-05-27,oliyamalube1l,1.0
2025-05-28,oliyamalube1l,3.0
2025-05-29,oliyamalube1l,0.0
2025-05-30,oliyamalube1l,0.0
2025-05-31,oliyamalube1l,3.0
2025-06-01,oliyamalube1l,0.0
2025-06-02,oliyamalube1l,3.0
2025-06-03,oliyamalube1l,3.0
2025-06-04,oliyamalube1l,1.0
2025-06-05,oliyamalube1l,3.0
2025-06-06,oliyamalube1l,0.0
2025-06-07,oliyamalube1l,3.0
2025-06-08,oliyamalube1l,0.0
2025-06-09,oliyamalube1l,0.0
2025-06-10,oliyamalube1l,2.0
2025-06-11,oliyamalube1l,1.0
2025-06-12,oliyamalube1l,3.0
2025-06-13,oliyamalube1l,3.0
2025-06-14,oliyamalube1l,3.0
2025-06-15,oliyamalube1l,0.0
2025-06-16,oliyamalube1l,3.0
2025-06-17,oliyamalube1l,3.0
2025-06-18,oliyamalube1l,0.0
2025-06-19,oliyamalube1l,3.0
2025-06-20,oliyamalube1l,3.0
2025-06-21,oliyamalube1l,3.0
2025-06-22,oliyamalube1l,0.0
2025-06-23,oliyamalube1l,1.0
2025-06-24,oliyamalube1l,2.0
2025-06-25,oliyamalube1l,1.0
2025-06-26,oliyamalube1l,3.0
2025-06-27,oliyamalube1l,0.0
2025-06-28,oliyamalube1l,3.0
2025-06-29,oliyamalube1l,0.0
2025-06-30,oliyamalube1l,1.0
2025-07-01,oliyamalube1l,3.0
2025-07-02,oliyamalube1l,2.0
2025-07-03,oliyamalube1l,3.0
2025-07-04,oliyamalube1l,3.0
2025-07-05,oliyamalube1l,3.0
2025-07-06,oliyamalube1l,0.0
2025-07-07,oliyamalube1l,3.0
2025-07-08,oliyamalube1l,1.0
2025-07-09,oliyamalube1l,1.0
2025-07-10,oliyamalube1l,2.0
2025-07-11,oliyamalube1l,3.0
2025-07-12,oliyamalube1l,3.0
2025-07-13,oliyamalube1l,0.0
2025-07-14,oliyamalube1l,2.0
2025-07-15,oliyamalube1l,1.0
2025-07-16,oliyamalube1l,0.0
2025-07-17,oliyamalube1l,3.0
2025-07-18,oliyamalube1l,3.0
2025-07-19,oliyamalube1l,3.0
2025-07-20,oliyamalube1l,0.0
2025-07-21,oliyamalube1l,1.0
2025-07-22,oliyamalube1l,1.0
2025-07-23,oliyamalube1l,1.0
2025-07-24,oliyamalube1l,3.0
2025-07-25,oliyamalube1l,3.0
2025-07-26,oliyamalube1l,3.0
2025-07-27,oliyamalube1l,0.0
2025-07-28,oliyamalube1l,1.0
2025-07-29,oliyamalube1l,1.0
2025-07-30,oliyamalube1l,2.0
2025-07-31,oliyamalube1l,3.0
2025-08-01,oliyamalube1l,3.0
2025-08-02,oliyamalube1l,3.0
2025-08-03,oliyamalube1l,0.0
2025-08-04,oliyamalube1l,1.0
2025-08-05,oliyamalube1l,1.0
2025-08-06,oliyamalube1l,1.0
2025-08-07,oliyamalube1l,3.0
2025-08-08,oliyamalube1l,3.0
2025-08-09,oliyamalube1l,2.0
2025-08-10,oliyamalube1l,0.0
2025-08-11,oliyamalube1l,1.0
2025-08-12,oliyamalube1l,3.0
2025-08-13,oliyamalube1l,1.0
2025-08-14,oliyamalube1l,3.0
2025-08-15,oliyamalube1l,3.0
2025-08-16,oliyamalube1l,3.0
2025-08-17,oliyamalube1l,0.0
2025-08-18,oliyamalube1l,0.0
2025-08-19,oliyamalube1l,1.0
2025-08-20,oliyamalube1l,2.0
2025-08-21,oliyamalube1l,0.0
2025-08-22,oliyamalube1l,3.0
2025-08-23,oliyamalube1l,2.0
2025-08-24,oliyamalube1l,0.0
2025-08-25,oliyamalube1l,1.0
2025-08-26,oliyamalube1l,1.0
2025-08-27,oliyamalube1l,2.0
2025-08-28,oliyamalube1l,3.0
2025-08-29,oliyamalube1l,3.0
2025-08-30,oliyamalube1l,3.0
2025-08-31,oliyamalube1l,0.0
2025-09-01,oliyamalube1l,3.0
2025-09-02,oliyamalube1l,3.0
2025-09-03,oliyamalube1l,1.0
2025-09-04,oliyamalube1l,2.0
2025-09-05,oliyamalube1l,0.0
2025-09-06,oliyamalube1l,3.0
2025-09-07,oliyamalube1l,0.0
2025-09-08,oliyamalube1l,1.0
2025-09-09,oliyamalube1l,1.0
2025-09-10,oliyamalube1l,1.0
2025-09-11,oliyamalube1l,3.0
2025-09-12,oliyamalube1l,3.0
2025-09-13,oliyamalube1l,3.0
2025-09-14,oliyamalube1l,0.0
2025-09-15,oliyamalube1l,1.0
2025-09-16,oliyamalube1l,3.0
2025-09-17,oliyamalube1l,1.0
2025-09-18,oliyamalube1l,3.0
2025-09-19,oliyamalube1l,3.0
2025-09-20,oliyamalube1l,3.0
2025-09-21,oliyamalube1l,0.0
2025-09-22,oliyamalube1l,3.0
2025-09-23,oliyamalube1l,0.0
2025-09-24,oliyamalube1l,1.0
2025-09-25,oliyamalube1l,2.0
2025-09-26,oliyamalube1l,2.0
2025-09-27,oliyamalube1l,3.0
2025-09-28,oliyamalube1l,0.0
2025-09-29,oliyamalube1l,2.0
2025-09-30,oliyamalube1l,3.0
2025-10-01,oliyamalube1l,0.0
2025-10-02,oliyamalube1l,1.0
2025-10-03,oliyamalube1l,3.0
2025-10-04,oliyamalube1l,2.0
2025-10-05,oliyamalube1l,0.0
2025-10-06,oliyamalube1l,1.0
2025-10-07,oliyamalube1l,1.0
2025-10-08,oliyamalube1l,2.0
2025-10-09,oliyamalube1l,1.0
2025-10-10,oliyamalube1l,3.0
2025-10-11,oliyamalube1l,3.0
2025-10-12,oliyamalube1l,0.0
2025-10-13,oliyamalube1l,1.0
2025-10-14,oliyamalube1l,1.0
2025-10-15,oliyamalube1l,1.0
2025-10-16,oliyamalube1l,1.0
2025-10-17,oliyamalube1l,3.0
2025-10-18,oliyamalube1l,3.0
2025-10-19,oliyamalube1l,0.0
2025-10-20,oliyamalube1l,3.0
2025-10-21,oliyamalube1l,1.0
2025-10-22,oliyamalube1l,1.0
2025-10-23,oliyamalube1l,2.0
2025-10-24,oliyamalube1l,3.0
2025-10-25,oliyamalube1l,3.0
2025-10-26,oliyamalube1l,0.0
2025-10-27,oliyamalube1l,1.0
2025-10-28,oliyamalube1l,1.0
2025-10-29,oliyamalube1l,1.0
2025-10-30,oliyamalube1l,3.0
2025-10-31,oliyamalube1l,1.0
2025-01-01,seelmasterrem,0.0
2025-01-02,seelmasterrem,1.0
2025-01-03,seelmasterrem,1.0
2025-01-04,seelmasterrem,1.0
2025-01-05,seelmasterrem,0.0
2025-01-06,seelmasterrem,1.0
2025-01-07,seelmasterrem,1.0
2025-01-08,seelmasterrem,1.0
2025-01-09,seelmasterrem,1.0
2025-01-10,seelmasterrem,1.0
2025-01-11,seelmasterrem,1.0
2025-01-12,seelmasterrem,0.0
2025-01-13,seelmasterrem,0.0
2025-01-14,seelmasterrem,1.0
2025-01-15,seelmasterrem,1.0
2025-01-16,seelmasterrem,1.0
2025-01-17,seelmasterrem,1.0
2025-01-18,seelmasterrem,1.0
2025-01-19,seelmasterrem,0.0
2025-01-20,seelmasterrem,1.0
2025-01-21,seelmasterrem,1.0
2025-01-22,seelmasterrem,1.0
2025-01-23,seelmasterrem,1.0
2025-01-24,seelmasterrem,1.0
2025-01-25,seelmasterrem,1.0
2025-01-26,seelmasterrem,0.0
2025-01-27,seelmasterrem,0.0
2025-01-28,seelmasterrem,0.0
2025-01-29,seelmasterrem,0.0
2025-01-30,seelmasterrem,1.0
2025-01-31,seelmasterrem,1.0
2025-02-01,seelmasterrem,1.0
2025-02-02,seelmasterrem,0.0
2025-02-03,seelmasterrem,1.0
2025-02-04,seelmasterrem,1.0
2025-02-05,seelmasterrem,0.0
2025-02-06,seelmasterrem,1.0
2025-02-07,seelmasterrem,1.0
2025-02-08,seelmasterrem,1.0
2025-02-09,seelmasterrem,0.0
2025-02-10,seelmasterrem,1.0
2025-02-11,seelmasterrem,0.0
2025-02-12,seelmasterrem,1.0
2025-02-13,seelmasterrem,1.0
2025-02-14,seelmasterrem,1.0
2025-02-15,seelmasterrem,1.0
2025-02-16,seelmasterrem,0.0
2025-02-17,seelmasterrem,1.0
2025-02-18,seelmasterrem,1.0
2025-02-19,seelmasterrem,1.0
2025-02-20,seelmasterrem,1.0
2025-02-21,seelmasterrem,1.0
2025-02-22,seelmasterrem,1.0
2025-02-23,seelmasterrem,0.0
2025-02-24,seelmasterrem,1.0
2025-02-25,seelmasterrem,0.0
2025-02-26,seelmasterrem,1.0
2025-02-27,seelmasterrem,1.0
2025-02-28,seelmasterrem,1.0
2025-03-01,seelmasterrem,1.0
2025-03-02,seelmasterrem,0.0
2025-03-03,seelmasterrem,1.0
2025-03-04,seelmasterrem,1.0
2025-03-05,seelmasterrem,1.0
2025-03-06,seelmasterrem,1.0
2025-03-07,seelmasterrem,1.0
2025-03-08,seelmasterrem,1.0
2025-03-09,seelmasterrem,0.0
2025-03-10,seelmasterrem,1.0
2025-03-11,seelmasterrem,1.0
2025-03-12,seelmasterrem,1.0
2025-03-13,seelmasterrem,1.0
2025-03-14,seelmasterrem,1.0
2025-03-15,seelmasterrem,1.0
2025-03-16,seelmasterrem,0.0
2025-03-17,seelmasterrem,1.0
2025-03-18,seelmasterrem,1.0
2025-03-19,seelmasterrem,1.0
2025-03-20,seelmasterrem,1.0
2025-03-21,seelmasterrem,1.0
2025-03-22,seelmasterrem,1.0
2025-03-23,seelmasterrem,0.0
2025-03-24,seelmasterrem,1.0
2025-03-25,seelmasterrem,1.0
2025-03-26,seelmasterrem,0.0
2025-03-27,seelmasterrem,1.0
2025-03-28,seelmasterrem,1.0
2025-03-29,seelmasterrem,0.0
2025-03-30,seelmasterrem,0.0
2025-03-31,seelmasterrem,0.0
2025-04-01,seelmasterrem,0.0
2025-04-02,seelmasterrem,1.0
2025-04-03,seelmasterrem,1.0
2025-04-04,seelmasterrem,1.0
2025-04-05,seelmasterrem,1.0
2025-04-06,seelmasterrem,0.0
2025-04-07,seelmasterrem,1.0
2025-04-08,seelmasterrem,1.0
2025-04-09,seelmasterrem,1.0
2025-04-10,seelmasterrem,1.0
2025-04-11,seelmasterrem,1.0
2025-04-12,seelmasterrem,1.0
2025-04-13,seelmasterrem,0.0
2025-04-14,seelmasterrem,1.0
2025-04-15,seelmasterrem,1.0
2025-04-16,seelmasterrem,1.0
2025-04-17,seelmasterrem,0.0
2025-04-18,seelmasterrem,0.0
2025-04-19,seelmasterrem,1.0
2025-04-20,seelmasterrem,0.0
2025-04-21,seelmasterrem,0.0
2025-04-22,seelmasterrem,1.0
2025-04-23,seelmasterrem,0.0
2025-04-24,seelmasterrem,1.0
2025-04-25,seelmasterrem,1.0
2025-04-26,seelmasterrem,1.0
2025-04-27,seelmasterrem,0.0
2025-04-28,seelmasterrem,1.0
2025-04-29,seelmasterrem,0.0
2025-04-30,seelmasterrem,0.0
2025-05-01,seelmasterrem,0.0
2025-05-02,seelmasterrem,0.0
2025-05-03,seelmasterrem,0.0
2025-05-04,seelmasterrem,0.0
2025-05-05,seelmasterrem,1.0
2025-05-06,seelmasterrem,0.0
2025-05-07,seelmasterrem,1.0
2025-05-08,seelmasterrem,1.0
2025-05-09,seelmasterrem,1.0
2025-05-10,seelmasterrem,1.0
2025-05-11,seelmasterrem,0.0
2025-05-12,seelmasterrem,0.0
2025-05-13,seelmasterrem,0.0
2025-05-14,seelmasterrem,1.0
2025-05-15,seelmasterrem,1.0
2025-05-16,seelmasterrem,1.0
2025-05-17,seelmasterrem,1.0
2025-05-18,seelmasterrem,0.0
2025-05-19,seelmasterrem,1.0
2025-05-20,seelmasterrem,1.0
2025-05-21,seelmasterrem,1.0
2025-05-22,seelmasterrem,1.0
2025-05-23,seelmasterrem,1.0
2025-05-24,seelmasterrem,1.0
2025-05-25,seelmasterrem,0.0
2025-05-26,seelmasterrem,1.0
2025-05-27,seelmasterrem,1.0
2025-05-28,seelmasterrem,1.0
2025-05-29,seelmasterrem,0.0
2025-05-30,seelmasterrem,0.0
2025-05-31,seelmasterrem,1.0
2025-06-01,seelmasterrem,0.0
2025-06-02,seelmasterrem,1.0
2025-06-03,seelmasterrem,1.0
2025-06-04,seelmasterrem,1.0
2025-06-05,seelmasterrem,1.0
2025-06-06,seelmasterrem,0.0
2025-06-07,seelmasterrem,1.0
2025-06-08,seelmasterrem,0.0
2025-06-09,seelmasterrem,0.0
2025-06-10,seelmasterrem,1.0
2025-06-11,seelmasterrem,1.0
2025-06-12,seelmasterrem,1.0
2025-06-13,seelmasterrem,1.0
2025-06-14,seelmasterrem,1.0
2025-06-15,seelmasterrem,0.0
2025-06-16,seelmasterrem,1.0
2025-06-17,seelmasterrem,1.0
2025-06-18,seelmasterrem,1.0
2025-06-19,seelmasterrem,1.0
2025-06-20,seelmasterrem,1.0
2025-06-21,seelmasterrem,1.0
2025-06-22,seelmasterrem,0.0
2025-06-23,seelmasterrem,1.0
2025-06-24,seelmasterrem,1.0
2025-06-25,seelmasterrem,1.0
2025-06-26,seelmasterrem,1.0
2025-06-27,seelmasterrem,0.0
2025-06-28,seelmasterrem,1.0
2025-06-29,seelmasterrem,0.0
2025-06-30,seelmasterrem,1.0
2025-07-01,seelmasterrem,1.0
2025-07-02,seelmasterrem,1.0
2025-07-03,seelmasterrem,1.0
2025-07-04,seelmasterrem,1.0
2025-07-05,seelmasterrem,1.0
2025-07-06,seelmasterrem,0.0
2025-07-07,seelmasterrem,1.0
2025-07-08,seelmasterrem,1.0
2025-07-09,seelmasterrem,1.0
2025-07-10,seelmasterrem,1.0
2025-07-11,seelmasterrem,1.0
2025-07-12,seelmasterrem,1.0
2025-07-13,seelmasterrem,0.0
2025-07-14,seelmasterrem,1.0
2025-07-15,seelmasterrem,1.0
2025-07-16,seelmasterrem,1.0
2025-07-17,seelmasterrem,1.0
2025-07-18,seelmasterrem,1.0
2025-07-19,seelmasterrem,1.0
2025-07-20,seelmasterrem,0.0
2025-07-21,seelmasterrem,0.0
2025-07-22,seelmasterrem,1.0
2025-07-23,seelmasterrem,0.0
2025-07-24,seelmasterrem,1.0
2025-07-25,seelmasterrem,1.0
2025-07-26,seelmasterrem,1.0
2025-07-27,seelmasterrem,0.0
2025-07-28,seelmasterrem,1.0
2025-07-29,seelmasterrem,1.0
2025-07-30,seelmasterrem,1.0
2025-07-31,seelmasterrem,1.0
2025-08-01,seelmasterrem,1.0
2025-08-02,seelmasterrem,1.0
2025-08-03,seelmasterrem,0.0
2025-08-04,seelmasterrem,1.0
2025-08-05,seelmasterrem,1.0
2025-08-06,seelmasterrem,1.0
2025-08-07,seelmasterrem,1.0
2025-08-08,seelmasterrem,1.0
2025-08-09,seelmasterrem,1.0
2025-08-10,seelmasterrem,0.0
2025-08-11,seelmasterrem,1.0
2025-08-12,seelmasterrem,0.0
2025-08-13,seelmasterrem,1.0
2025-08-14,seelmasterrem,1.0
2025-08-15,seelmasterrem,1.0
2025-08-16,seelmasterrem,1.0
2025-08-17,seelmasterrem,0.0
2025-08-18,seelmasterrem,0.0
2025-08-19,seelmasterrem,1.0
2025-08-20,seelmasterrem,0.0
2025-08-21,seelmasterrem,1.0
2025-08-22,seelmasterrem,1.0
2025-08-23,seelmasterrem,1.0
2025-08-24,seelmasterrem,0.0
2025-08-25,seelmasterrem,1.0
2025-08-26,seelmasterrem,1.0
2025-08-27,seelmasterrem,1.0
2025-08-28,seelmasterrem,1.0
2025-08-29,seelmasterrem,1.0
2025-08-30,seelmasterrem,1.0
2025-08-31,seelmasterrem,0.0
2025-09-01,seelmasterrem,1.0
2025-09-02,seelmasterrem,1.0
2025-09-03,seelmasterrem,1.0
2025-09-04,seelmasterrem,1.0
2025-09-05,seelmasterrem,0.0
2025-09-06,seelmasterrem,1.0
2025-09-07,seelmasterrem,0.0
2025-09-08,seelmasterrem,1.0
2025-09-09,seelmasterrem,1.0
2025-09-10,seelmasterrem,1.0
2025-09-11,seelmasterrem,1.0
2025-09-12,seelmasterrem,1.0
2025-09-13,seelmasterrem,1.0
2025-09-14,seelmasterrem,0.0
2025-09-15,seelmasterrem,1.0
2025-09-16,seelmasterrem,1.0
2025-09-17,seelmasterrem,1.0
2025-09-18,seelmasterrem,1.0
2025-09-19,seelmasterrem,1.0
2025-09-20,seelmasterrem,1.0
2025-09-21,seelmasterrem,0.0
2025-09-22,seelmasterrem,1.0
2025-09-23,seelmasterrem,1.0
2025-09-24,seelmasterrem,1.0
2025-09-25,seelmasterrem,1.0
2025-09-26,seelmasterrem,1.0
2025-09-27,seelmasterrem,1.0
2025-09-28,seelmasterrem,0.0
2025-09-29,seelmasterrem,1.0
2025-09-30,seelmasterrem,1.0
2025-10-01,seelmasterrem,1.0
2025-10-02,seelmasterrem,1.0
2025-10-03,seelmasterrem,1.0
2025-10-04,seelmasterrem,1.0
2025-10-05,seelmasterrem,0.0
2025-10-06,seelmasterrem,0.0
2025-10-07,seelmasterrem,1.0
2025-10-08,seelmasterrem,1.0
2025-10-09,seelmasterrem,0.0
2025-10-10,seelmasterrem,1.0
2025-10-11,seelmasterrem,1.0
2025-10-12,seelmasterrem,0.0
2025-10-13,seelmasterrem,1.0
2025-10-14,seelmasterrem,1.0
2025-10-15,seelmasterrem,1.0
2025-10-16,seelmasterrem,1.0
2025-10-17,seelmasterrem,1.0
2025-10-18,seelmasterrem,1.0
2025-10-19,seelmasterrem,0.0
2025-10-20,seelmasterrem,1.0
2025-10-21,seelmasterrem,0.0
2025-10-22,seelmasterrem,1.0
2025-10-23,seelmasterrem,1.0
2025-10-24,seelmasterrem,1.0
2025-10-25,seelmasterrem,1.0
2025-10-26,seelmasterrem,0.0
2025-10-27,seelmasterrem,0.0
2025-10-28,seelmasterrem,1.0
2025-10-29,seelmasterrem,1.0
2025-10-30,seelmasterrem,1.0
2025-10-31,seelmasterrem,1.0
